inline unsigned char __goal_wav[] = {
  0x52, 0x49, 0x46, 0x46, 0x00, 0x54, 0x00, 0x00, 0x57, 0x41, 0x56, 0x45,
  0x66, 0x6d, 0x74, 0x20, 0x10, 0x00, 0x00, 0x00, 0x01, 0x00, 0x01, 0x00,
  0x11, 0x2b, 0x00, 0x00, 0x11, 0x2b, 0x00, 0x00, 0x01, 0x00, 0x08, 0x00,
  0x4c, 0x49, 0x53, 0x54, 0x1a, 0x00, 0x00, 0x00, 0x49, 0x4e, 0x46, 0x4f,
  0x49, 0x53, 0x46, 0x54, 0x0d, 0x00, 0x00, 0x00, 0x4c, 0x61, 0x76, 0x66,
  0x36, 0x31, 0x2e, 0x37, 0x2e, 0x31, 0x30, 0x30, 0x00, 0x00, 0x64, 0x61,
  0x74, 0x61, 0xb9, 0x53, 0x00, 0x00, 0x80, 0x80, 0x80, 0x80, 0x80, 0x80,
  0x80, 0x80, 0x80, 0x80, 0x80, 0x80, 0x80, 0x80, 0x80, 0x80, 0x80, 0x80,
  0x80, 0x80, 0x80, 0x80, 0x80, 0x80, 0x80, 0x80, 0x80, 0x80, 0x80, 0x80,
  0x80, 0x80, 0x80, 0x80, 0x80, 0x80, 0x80, 0x80, 0x80, 0x80, 0x80, 0x80,
  0x80, 0x80, 0x80, 0x80, 0x80, 0x80, 0x80, 0x80, 0x80, 0x80, 0x80, 0x80,
  0x80, 0x80, 0x80, 0x80, 0x80, 0x80, 0x80, 0x80, 0x80, 0x80, 0x80, 0x80,
  0x80, 0x80, 0x80, 0x80, 0x80, 0x80, 0x80, 0x80, 0x80, 0x80, 0x80, 0x80,
  0x80, 0x80, 0x80, 0x80, 0x80, 0x80, 0x80, 0x80, 0x80, 0x80, 0x80, 0x80,
  0x80, 0x80, 0x80, 0x80, 0x80, 0x80, 0x80, 0x80, 0x80, 0x80, 0x80, 0x80,
  0x80, 0x80, 0x80, 0x80, 0x80, 0x80, 0x80, 0x80, 0x80, 0x80, 0x80, 0x80,
  0x80, 0x80, 0x80, 0x80, 0x80, 0x80, 0x80, 0x80, 0x80, 0x80, 0x80, 0x80,
  0x80, 0x80, 0x80, 0x80, 0x80, 0x80, 0x80, 0x80, 0x80, 0x80, 0x80, 0x80,
  0x80, 0x80, 0x80, 0x80, 0x80, 0x80, 0x80, 0x80, 0x80, 0x80, 0x80, 0x80,
  0x80, 0x80, 0x80, 0x80, 0x80, 0x80, 0x80, 0x80, 0x80, 0x80, 0x80, 0x80,
  0x80, 0x80, 0x80, 0x80, 0x80, 0x80, 0x80, 0x80, 0x80, 0x80, 0x80, 0x80,
  0x80, 0x80, 0x80, 0x80, 0x80, 0x80, 0x80, 0x80, 0x80, 0x80, 0x80, 0x80,
  0x80, 0x80, 0x80, 0x80, 0x80, 0x80, 0x80, 0x80, 0x80, 0x80, 0x80, 0x80,
  0x80, 0x80, 0x80, 0x80, 0x80, 0x80, 0x80, 0x80, 0x80, 0x80, 0x80, 0x80,
  0x80, 0x80, 0x80, 0x80, 0x80, 0x80, 0x80, 0x80, 0x80, 0x80, 0x80, 0x80,
  0x80, 0x80, 0x80, 0x80, 0x80, 0x80, 0x80, 0x80, 0x80, 0x80, 0x80, 0x80,
  0x80, 0x80, 0x80, 0x80, 0x80, 0x80, 0x80, 0x80, 0x80, 0x80, 0x80, 0x80,
  0x80, 0x80, 0x80, 0x80, 0x80, 0x80, 0x80, 0x80, 0x80, 0x80, 0x80, 0x80,
  0x80, 0x80, 0x80, 0x80, 0x80, 0x80, 0x80, 0x80, 0x80, 0x80, 0x80, 0x80,
  0x80, 0x80, 0x80, 0x80, 0x80, 0x80, 0x80, 0x80, 0x80, 0x80, 0x80, 0x80,
  0x80, 0x80, 0x80, 0x80, 0x80, 0x80, 0x80, 0x80, 0x80, 0x80, 0x80, 0x80,
  0x80, 0x80, 0x80, 0x80, 0x80, 0x80, 0x80, 0x80, 0x80, 0x80, 0x80, 0x80,
  0x80, 0x80, 0x80, 0x80, 0x80, 0x80, 0x80, 0x80, 0x80, 0x80, 0x80, 0x80,
  0x80, 0x80, 0x80, 0x80, 0x80, 0x80, 0x80, 0x80, 0x80, 0x80, 0x80, 0x80,
  0x80, 0x80, 0x80, 0x80, 0x80, 0x80, 0x80, 0x80, 0x80, 0x80, 0x80, 0x80,
  0x80, 0x80, 0x80, 0x80, 0x80, 0x80, 0x80, 0x80, 0x80, 0x80, 0x80, 0x80,
  0x80, 0x80, 0x80, 0x80, 0x80, 0x80, 0x80, 0x80, 0x80, 0x80, 0x80, 0x80,
  0x80, 0x80, 0x80, 0x80, 0x80, 0x80, 0x80, 0x80, 0x80, 0x80, 0x80, 0x80,
  0x80, 0x80, 0x80, 0x81, 0x7f, 0x7f, 0x81, 0x80, 0x81, 0x7f, 0x80, 0x80,
  0x80, 0x80, 0x7e, 0x81, 0x7f, 0x80, 0x81, 0x81, 0x80, 0x81, 0x81, 0x7e,
  0x81, 0x7e, 0x80, 0x80, 0x81, 0x80, 0x81, 0x82, 0x7e, 0x80, 0x7f, 0x81,
  0x7f, 0x81, 0x81, 0x7f, 0x80, 0x7f, 0x80, 0x7f, 0x81, 0x80, 0x80, 0x81,
  0x80, 0x7f, 0x7f, 0x80, 0x7f, 0x81, 0x81, 0x80, 0x7f, 0x81, 0x7f, 0x7f,
  0x80, 0x81, 0x80, 0x81, 0x81, 0x7f, 0x7f, 0x80, 0x81, 0x81, 0x81, 0x81,
  0x80, 0x7e, 0x80, 0x7f, 0x80, 0x81, 0x80, 0x80, 0x80, 0x80, 0x7e, 0x7f,
  0x81, 0x81, 0x7f, 0x80, 0x81, 0x7f, 0x80, 0x81, 0x7f, 0x7f, 0x81, 0x80,
  0x7f, 0x82, 0x80, 0x7f, 0x80, 0x7f, 0x7f, 0x7f, 0x82, 0x7f, 0x84, 0x80,
  0x7d, 0x84, 0x7f, 0x7c, 0x7c, 0x82, 0x81, 0x82, 0x8c, 0x85, 0x7f, 0x7b,
  0x7f, 0x70, 0x7d, 0x80, 0x88, 0x99, 0x84, 0x67, 0x6f, 0x76, 0x7c, 0xa4,
  0x96, 0x70, 0x87, 0x85, 0x76, 0x7b, 0xa3, 0x8f, 0x58, 0x6a, 0x57, 0x88,
  0x7f, 0x89, 0x8a, 0x9f, 0x88, 0x72, 0x89, 0x7f, 0x8d, 0x74, 0x8d, 0x69,
  0x87, 0x69, 0x76, 0x87, 0x8f, 0x89, 0x89, 0x84, 0x58, 0x93, 0x69, 0x85,
  0x84, 0x94, 0x79, 0x86, 0x84, 0x6c, 0x91, 0x7e, 0x7e, 0x70, 0x82, 0x90,
  0x81, 0x81, 0x7c, 0x8e, 0x68, 0x93, 0x77, 0x97, 0x5e, 0x79, 0x7e, 0x87,
  0x84, 0x7f, 0x83, 0x84, 0x74, 0x75, 0x93, 0xa3, 0x7b, 0x73, 0x74, 0x86,
  0x74, 0x98, 0x76, 0x86, 0x75, 0x76, 0x6d, 0x80, 0x8c, 0x94, 0x86, 0x87,
  0x7b, 0x62, 0x74, 0xa7, 0x93, 0x62, 0x7b, 0x7c, 0x80, 0x7a, 0x7f, 0x98,
  0x94, 0x7c, 0x6a, 0x83, 0x83, 0x65, 0x89, 0x73, 0x93, 0x81, 0x8f, 0x59,
  0xa1, 0x75, 0x8f, 0x76, 0x7a, 0x8d, 0x7c, 0x7c, 0x82, 0x7a, 0x7f, 0x92,
  0x6a, 0x96, 0x82, 0x5c, 0x9a, 0x65, 0x90, 0x89, 0x85, 0x77, 0x88, 0x59,
  0x97, 0x8a, 0x7a, 0x9d, 0x68, 0x8a, 0x68, 0x91, 0x81, 0xa1, 0x60, 0x7c,
  0x6a, 0x8a, 0x94, 0x76, 0x96, 0x47, 0xa1, 0x6c, 0xa3, 0x92, 0x7c, 0x6a,
  0x63, 0x8c, 0x82, 0xa9, 0x6a, 0x7e, 0x70, 0x7f, 0x9d, 0x79, 0x88, 0x79,
  0x77, 0x7d, 0x76, 0x82, 0x89, 0x85, 0x7a, 0x80, 0x72, 0x82, 0x8c, 0x91,
  0x6e, 0x7f, 0x79, 0x95, 0x7e, 0x80, 0x7e, 0x8e, 0x6c, 0x87, 0x86, 0x89,
  0x77, 0x6b, 0x86, 0xa1, 0x76, 0x8d, 0x68, 0x8a, 0x6b, 0x8e, 0x8d, 0x8b,
  0x6d, 0x76, 0x86, 0x80, 0xa4, 0x6a, 0x6c, 0x77, 0x82, 0x9f, 0x7c, 0x77,
  0x7b, 0x88, 0x69, 0x9e, 0x73, 0x93, 0x77, 0x6e, 0x7e, 0x91, 0x79, 0x94,
  0x6f, 0x73, 0x77, 0x8b, 0xa2, 0x7e, 0x84, 0x4f, 0x99, 0x72, 0x93, 0x8d,
  0x82, 0x55, 0x82, 0x86, 0x9e, 0x79, 0x6d, 0x7c, 0x79, 0x9a, 0x79, 0x86,
  0x68, 0xa8, 0x64, 0x88, 0x65, 0x99, 0x71, 0x92, 0x6b, 0x8d, 0x86, 0x7b,
  0x81, 0x7e, 0x7f, 0x73, 0x94, 0x7c, 0x8a, 0x7a, 0x6d, 0x81, 0x8b, 0x7b,
  0x86, 0x7a, 0x88, 0x84, 0x7c, 0x8f, 0x6d, 0x84, 0x82, 0x86, 0x70, 0x91,
  0x6e, 0x86, 0x78, 0x93, 0x6b, 0x92, 0x71, 0x89, 0x78, 0x94, 0x7a, 0x91,
  0x6f, 0x74, 0x81, 0x92, 0x71, 0x86, 0x79, 0x6d, 0x8c, 0x87, 0x86, 0x84,
  0x78, 0x69, 0x99, 0x7f, 0x97, 0x72, 0x7a, 0x70, 0x83, 0x7c, 0x8a, 0x83,
  0x80, 0x90, 0x74, 0x7a, 0x79, 0x80, 0x7f, 0x9b, 0x6e, 0x85, 0x71, 0x78,
  0x86, 0x8f, 0x86, 0x90, 0x6e, 0x75, 0x7f, 0x7e, 0x86, 0x7a, 0x83, 0x8d,
  0x6e, 0x89, 0x7f, 0x76, 0x89, 0x82, 0x8a, 0x79, 0x83, 0x70, 0x7e, 0x85,
  0x90, 0x7f, 0x6f, 0x84, 0x81, 0x78, 0x8a, 0x7c, 0x89, 0x7d, 0x81, 0x6e,
  0x8e, 0x7f, 0x87, 0x86, 0x70, 0x88, 0x79, 0x82, 0x7c, 0x87, 0x73, 0x98,
  0x77, 0x7f, 0x7d, 0x72, 0x8c, 0x7b, 0x81, 0x8e, 0x78, 0x77, 0x7d, 0x86,
  0x84, 0x8e, 0x7f, 0x7d, 0x79, 0x79, 0x80, 0x87, 0x80, 0x79, 0x81, 0x74,
  0x86, 0x87, 0x88, 0x7e, 0x7f, 0x7c, 0x7e, 0x8a, 0x88, 0x76, 0x80, 0x73,
  0x81, 0x7d, 0x89, 0x87, 0x84, 0x7d, 0x77, 0x7c, 0x89, 0x87, 0x7c, 0x89,
  0x6c, 0x79, 0x82, 0x83, 0x8a, 0x85, 0x7c, 0x7e, 0x80, 0x82, 0x88, 0x7f,
  0x7c, 0x78, 0x81, 0x78, 0x88, 0x74, 0x90, 0x79, 0x7f, 0x7e, 0x88, 0x7d,
  0x86, 0x88, 0x78, 0x82, 0x82, 0x77, 0x7c, 0x83, 0x83, 0x7d, 0x89, 0x7e,
  0x7a, 0x81, 0x7b, 0x85, 0x84, 0x7d, 0x84, 0x7a, 0x7f, 0x7b, 0x87, 0x7f,
  0x87, 0x7b, 0x80, 0x7f, 0x7a, 0x85, 0x86, 0x80, 0x81, 0x7f, 0x75, 0x82,
  0x7d, 0x7f, 0x87, 0x7e, 0x7c, 0x87, 0x70, 0x86, 0x87, 0x7f, 0x86, 0x80,
  0x81, 0x7a, 0x86, 0x7d, 0x7e, 0x7e, 0x7a, 0x80, 0x87, 0x7e, 0x83, 0x80,
  0x7e, 0x80, 0x7e, 0x7e, 0x89, 0x84, 0x7f, 0x84, 0x76, 0x78, 0x7c, 0x83,
  0x7e, 0x8d, 0x80, 0x7f, 0x7f, 0x7a, 0x7c, 0x83, 0x82, 0x7e, 0x8d, 0x7f,
  0x81, 0x74, 0x7b, 0x77, 0x8d, 0x82, 0x8b, 0x7a, 0x84, 0x76, 0x83, 0x7f,
  0x81, 0x8a, 0x7d, 0x80, 0x76, 0x7f, 0x77, 0x8e, 0x7b, 0x85, 0x78, 0x88,
  0x79, 0x8b, 0x7c, 0x84, 0x7e, 0x7e, 0x84, 0x7b, 0x84, 0x78, 0x88, 0x77,
  0x81, 0x7e, 0x87, 0x80, 0x82, 0x7f, 0x80, 0x83, 0x79, 0x83, 0x7b, 0x83,
  0x7c, 0x88, 0x7c, 0x80, 0x7e, 0x7b, 0x82, 0x81, 0x89, 0x80, 0x83, 0x7a,
  0x82, 0x7c, 0x81, 0x81, 0x80, 0x78, 0x84, 0x82, 0x7c, 0x7d, 0x7d, 0x89,
  0x82, 0x86, 0x7b, 0x80, 0x84, 0x80, 0x7e, 0x7b, 0x84, 0x7e, 0x80, 0x7e,
  0x78, 0x85, 0x83, 0x84, 0x7d, 0x7f, 0x80, 0x81, 0x85, 0x80, 0x81, 0x7a,
  0x80, 0x80, 0x7e, 0x7d, 0x83, 0x7f, 0x81, 0x7f, 0x82, 0x7e, 0x81, 0x84,
  0x82, 0x84, 0x7f, 0x7a, 0x7f, 0x7e, 0x80, 0x80, 0x83, 0x80, 0x7e, 0x80,
  0x7b, 0x87, 0x7d, 0x86, 0x82, 0x84, 0x7a, 0x84, 0x77, 0x81, 0x7e, 0x84,
  0x7b, 0x85, 0x81, 0x7c, 0x81, 0x7b, 0x89, 0x7c, 0x8d, 0x78, 0x85, 0x78,
  0x83, 0x79, 0x82, 0x7d, 0x85, 0x7f, 0x7e, 0x7f, 0x80, 0x84, 0x80, 0x86,
  0x80, 0x7e, 0x81, 0x7b, 0x81, 0x7e, 0x81, 0x80, 0x7e, 0x7f, 0x7f, 0x85,
  0x7c, 0x85, 0x79, 0x85, 0x80, 0x84, 0x7f, 0x80, 0x83, 0x77, 0x80, 0x7c,
  0x85, 0x80, 0x7f, 0x81, 0x7a, 0x84, 0x80, 0x85, 0x80, 0x84, 0x7d, 0x7e,
  0x80, 0x7f, 0x7e, 0x81, 0x84, 0x7f, 0x7d, 0x80, 0x80, 0x79, 0x88, 0x81,
  0x7e, 0x82, 0x86, 0x7c, 0x80, 0x81, 0x7a, 0x80, 0x85, 0x7c, 0x7c, 0x89,
  0x78, 0x7d, 0x85, 0x81, 0x80, 0x83, 0x87, 0x7a, 0x82, 0x7f, 0x7f, 0x82,
  0x7f, 0x82, 0x7b, 0x84, 0x76, 0x82, 0x82, 0x80, 0x82, 0x80, 0x87, 0x77,
  0x89, 0x78, 0x84, 0x81, 0x7d, 0x85, 0x7b, 0x8a, 0x6f, 0x89, 0x7d, 0x7a,
  0x85, 0x7d, 0x87, 0x7e, 0x85, 0x79, 0x84, 0x82, 0x7e, 0x81, 0x83, 0x80,
  0x7c, 0x80, 0x7a, 0x81, 0x80, 0x7e, 0x85, 0x7c, 0x84, 0x7f, 0x83, 0x7d,
  0x81, 0x80, 0x82, 0x81, 0x7e, 0x82, 0x7f, 0x7c, 0x82, 0x7d, 0x81, 0x7d,
  0x88, 0x79, 0x84, 0x7f, 0x7c, 0x82, 0x7e, 0x86, 0x7d, 0x86, 0x82, 0x7b,
  0x82, 0x79, 0x82, 0x7c, 0x83, 0x80, 0x7f, 0x81, 0x7b, 0x80, 0x80, 0x84,
  0x7c, 0x89, 0x7e, 0x81, 0x82, 0x80, 0x7d, 0x7f, 0x80, 0x7c, 0x81, 0x81,
  0x7a, 0x83, 0x81, 0x83, 0x79, 0x85, 0x80, 0x80, 0x84, 0x83, 0x80, 0x7d,
  0x83, 0x7f, 0x78, 0x80, 0x7f, 0x7e, 0x81, 0x84, 0x81, 0x7e, 0x82, 0x80,
  0x7f, 0x7f, 0x80, 0x81, 0x83, 0x85, 0x7d, 0x84, 0x7b, 0x78, 0x7e, 0x80,
  0x83, 0x7b, 0x89, 0x7e, 0x82, 0x81, 0x82, 0x7d, 0x7e, 0x84, 0x7d, 0x81,
  0x82, 0x7f, 0x7d, 0x7f, 0x80, 0x7d, 0x7f, 0x86, 0x81, 0x7f, 0x82, 0x80,
  0x81, 0x7d, 0x80, 0x7e, 0x83, 0x82, 0x7f, 0x81, 0x80, 0x7d, 0x79, 0x83,
  0x80, 0x7d, 0x85, 0x7d, 0x83, 0x83, 0x87, 0x7a, 0x7c, 0x86, 0x78, 0x85,
  0x7e, 0x87, 0x7e, 0x83, 0x84, 0x76, 0x7f, 0x7c, 0x80, 0x7d, 0x84, 0x7f,
  0x82, 0x83, 0x7f, 0x82, 0x7f, 0x80, 0x7c, 0x83, 0x83, 0x82, 0x86, 0x7d,
  0x80, 0x7b, 0x84, 0x7c, 0x80, 0x80, 0x7f, 0x81, 0x7c, 0x81, 0x7a, 0x82,
  0x80, 0x7b, 0x83, 0x80, 0x8a, 0x7b, 0x8d, 0x7d, 0x81, 0x80, 0x7d, 0x83,
  0x77, 0x87, 0x77, 0x85, 0x7f, 0x7f, 0x83, 0x7c, 0x81, 0x78, 0x83, 0x7c,
  0x80, 0x7e, 0x82, 0x81, 0x83, 0x84, 0x7d, 0x84, 0x7d, 0x81, 0x7e, 0x83,
  0x7e, 0x81, 0x83, 0x7e, 0x80, 0x7c, 0x7f, 0x7c, 0x7f, 0x7f, 0x80, 0x83,
  0x84, 0x83, 0x81, 0x82, 0x7e, 0x7f, 0x7f, 0x80, 0x80, 0x81, 0x83, 0x82,
  0x83, 0x7e, 0x7f, 0x7b, 0x7f, 0x7e, 0x81, 0x82, 0x81, 0x80, 0x80, 0x80,
  0x7a, 0x7f, 0x7b, 0x80, 0x7f, 0x82, 0x82, 0x85, 0x82, 0x82, 0x82, 0x7e,
  0x81, 0x7d, 0x81, 0x80, 0x83, 0x7f, 0x82, 0x81, 0x7f, 0x80, 0x7f, 0x80,
  0x7f, 0x83, 0x81, 0x83, 0x7f, 0x7e, 0x7c, 0x7c, 0x7d, 0x7e, 0x82, 0x81,
  0x82, 0x81, 0x84, 0x7e, 0x82, 0x7d, 0x7f, 0x81, 0x7e, 0x81, 0x80, 0x81,
  0x7d, 0x83, 0x7f, 0x80, 0x7f, 0x82, 0x81, 0x80, 0x82, 0x7d, 0x80, 0x7d,
  0x7d, 0x7f, 0x83, 0x80, 0x81, 0x85, 0x7d, 0x7f, 0x7d, 0x7e, 0x7d, 0x82,
  0x7e, 0x83, 0x82, 0x81, 0x80, 0x80, 0x7f, 0x7e, 0x81, 0x80, 0x83, 0x81,
  0x82, 0x81, 0x84, 0x7f, 0x7d, 0x80, 0x7e, 0x81, 0x82, 0x7f, 0x7a, 0x80,
  0x80, 0x7f, 0x82, 0x7f, 0x80, 0x81, 0x81, 0x7e, 0x81, 0x7c, 0x80, 0x81,
  0x83, 0x81, 0x80, 0x80, 0x80, 0x82, 0x80, 0x81, 0x82, 0x80, 0x7f, 0x83,
  0x7f, 0x7d, 0x7f, 0x81, 0x7d, 0x83, 0x80, 0x7e, 0x80, 0x80, 0x7f, 0x80,
  0x81, 0x7c, 0x81, 0x7f, 0x7f, 0x7e, 0x83, 0x80, 0x81, 0x81, 0x80, 0x81,
  0x80, 0x81, 0x82, 0x83, 0x7f, 0x82, 0x7f, 0x7f, 0x80, 0x7f, 0x7f, 0x80,
  0x7f, 0x7d, 0x80, 0x80, 0x81, 0x80, 0x81, 0x7f, 0x81, 0x80, 0x80, 0x82,
  0x81, 0x81, 0x7e, 0x82, 0x7d, 0x81, 0x7f, 0x80, 0x7f, 0x7f, 0x7f, 0x7f,
  0x80, 0x7e, 0x83, 0x80, 0x84, 0x7f, 0x83, 0x81, 0x83, 0x80, 0x80, 0x82,
  0x7e, 0x81, 0x7c, 0x80, 0x7b, 0x81, 0x7d, 0x80, 0x7e, 0x82, 0x7f, 0x7f,
  0x82, 0x80, 0x83, 0x80, 0x82, 0x7e, 0x80, 0x7d, 0x81, 0x80, 0x7f, 0x80,
  0x7e, 0x81, 0x7e, 0x82, 0x80, 0x84, 0x7f, 0x81, 0x82, 0x81, 0x7e, 0x7f,
  0x81, 0x7d, 0x82, 0x7e, 0x7f, 0x7e, 0x81, 0x7e, 0x82, 0x82, 0x80, 0x83,
  0x80, 0x81, 0x7c, 0x83, 0x7e, 0x81, 0x80, 0x80, 0x7c, 0x80, 0x7e, 0x80,
  0x82, 0x80, 0x82, 0x81, 0x80, 0x7f, 0x81, 0x7e, 0x82, 0x81, 0x7f, 0x80,
  0x7e, 0x7e, 0x7e, 0x81, 0x81, 0x82, 0x83, 0x80, 0x7f, 0x81, 0x7e, 0x80,
  0x83, 0x7f, 0x7f, 0x7f, 0x7d, 0x7e, 0x80, 0x80, 0x81, 0x82, 0x80, 0x83,
  0x81, 0x7f, 0x80, 0x81, 0x80, 0x81, 0x81, 0x7f, 0x7f, 0x7d, 0x7d, 0x81,
  0x82, 0x81, 0x82, 0x82, 0x7e, 0x80, 0x80, 0x81, 0x80, 0x82, 0x7f, 0x7e,
  0x7f, 0x7d, 0x7f, 0x81, 0x7f, 0x81, 0x85, 0x7e, 0x82, 0x7f, 0x7f, 0x7f,
  0x81, 0x81, 0x80, 0x81, 0x7c, 0x7e, 0x7d, 0x80, 0x80, 0x85, 0x81, 0x82,
  0x80, 0x7e, 0x7f, 0x7f, 0x82, 0x81, 0x82, 0x7c, 0x7f, 0x7d, 0x7f, 0x82,
  0x82, 0x82, 0x82, 0x82, 0x7d, 0x81, 0x7e, 0x80, 0x80, 0x83, 0x7e, 0x80,
  0x7e, 0x7d, 0x81, 0x81, 0x82, 0x82, 0x84, 0x7d, 0x80, 0x7e, 0x7f, 0x7e,
  0x83, 0x82, 0x80, 0x80, 0x7c, 0x81, 0x80, 0x84, 0x81, 0x85, 0x7f, 0x7d,
  0x7d, 0x7f, 0x7e, 0x81, 0x82, 0x81, 0x82, 0x7d, 0x80, 0x80, 0x81, 0x82,
  0x82, 0x7f, 0x7e, 0x7c, 0x7c, 0x80, 0x80, 0x84, 0x84, 0x82, 0x7e, 0x7e,
  0x7d, 0x7f, 0x81, 0x82, 0x7f, 0x7f, 0x7e, 0x7c, 0x81, 0x84, 0x85, 0x82,
  0x81, 0x7c, 0x7d, 0x7d, 0x81, 0x83, 0x84, 0x7f, 0x7d, 0x7e, 0x7c, 0x82,
  0x84, 0x86, 0x81, 0x7e, 0x7c, 0x7e, 0x7f, 0x83, 0x85, 0x82, 0x7e, 0x7c,
  0x7e, 0x7e, 0x84, 0x85, 0x83, 0x7d, 0x7c, 0x7c, 0x80, 0x82, 0x83, 0x81,
  0x80, 0x7e, 0x7e, 0x7f, 0x80, 0x83, 0x83, 0x82, 0x7d, 0x7e, 0x7c, 0x81,
  0x81, 0x83, 0x82, 0x80, 0x7f, 0x7e, 0x7d, 0x7f, 0x83, 0x80, 0x82, 0x7e,
  0x7d, 0x7d, 0x82, 0x82, 0x84, 0x82, 0x7e, 0x7f, 0x7c, 0x7d, 0x81, 0x85,
  0x7f, 0x84, 0x7d, 0x7c, 0x7e, 0x82, 0x83, 0x82, 0x83, 0x7c, 0x7f, 0x7d,
  0x80, 0x83, 0x82, 0x7f, 0x80, 0x7b, 0x7e, 0x81, 0x84, 0x83, 0x80, 0x7e,
  0x7b, 0x7e, 0x84, 0x85, 0x83, 0x80, 0x79, 0x7f, 0x7e, 0x85, 0x84, 0x84,
  0x7b, 0x7b, 0x7b, 0x85, 0x84, 0x86, 0x80, 0x79, 0x7c, 0x7f, 0x86, 0x81,
  0x81, 0x7e, 0x81, 0x7e, 0x81, 0x7e, 0x7f, 0x82, 0x81, 0x7e, 0x7c, 0x81,
  0x7f, 0x86, 0x81, 0x7f, 0x7f, 0x81, 0x7c, 0x81, 0x85, 0x81, 0x81, 0x7d,
  0x7d, 0x81, 0x87, 0x82, 0x7f, 0x7c, 0x79, 0x7f, 0x85, 0x85, 0x81, 0x7f,
  0x7a, 0x7d, 0x82, 0x83, 0x84, 0x7e, 0x7b, 0x7c, 0x85, 0x83, 0x83, 0x80,
  0x7b, 0x7f, 0x83, 0x7f, 0x7e, 0x82, 0x7f, 0x83, 0x7f, 0x7e, 0x80, 0x85,
  0x7f, 0x7c, 0x7b, 0x7e, 0x83, 0x87, 0x81, 0x80, 0x81, 0x7b, 0x7f, 0x80,
  0x85, 0x80, 0x7e, 0x7c, 0x80, 0x86, 0x83, 0x7f, 0x7f, 0x79, 0x80, 0x82,
  0x82, 0x7f, 0x7e, 0x7e, 0x84, 0x82, 0x82, 0x80, 0x80, 0x7d, 0x7c, 0x7f,
  0x7f, 0x85, 0x83, 0x81, 0x7c, 0x81, 0x7e, 0x84, 0x7f, 0x81, 0x7c, 0x7e,
  0x80, 0x83, 0x84, 0x81, 0x7d, 0x7d, 0x81, 0x80, 0x83, 0x7d, 0x7e, 0x7c,
  0x83, 0x81, 0x84, 0x81, 0x81, 0x80, 0x7d, 0x7d, 0x7d, 0x81, 0x83, 0x7f,
  0x7f, 0x80, 0x81, 0x84, 0x83, 0x7e, 0x7d, 0x7e, 0x7d, 0x82, 0x84, 0x80,
  0x7f, 0x7c, 0x7d, 0x86, 0x81, 0x81, 0x82, 0x7d, 0x7f, 0x82, 0x7b, 0x81,
  0x7e, 0x81, 0x83, 0x80, 0x80, 0x81, 0x82, 0x82, 0x7f, 0x7d, 0x7c, 0x80,
  0x80, 0x80, 0x82, 0x80, 0x80, 0x80, 0x82, 0x80, 0x83, 0x7d, 0x7d, 0x7e,
  0x80, 0x7f, 0x83, 0x80, 0x80, 0x80, 0x80, 0x81, 0x82, 0x7f, 0x7f, 0x81,
  0x7f, 0x80, 0x80, 0x7f, 0x80, 0x81, 0x7e, 0x7f, 0x81, 0x82, 0x83, 0x81,
  0x7f, 0x7e, 0x80, 0x80, 0x80, 0x7f, 0x80, 0x7f, 0x7f, 0x7f, 0x81, 0x82,
  0x83, 0x80, 0x7e, 0x80, 0x80, 0x81, 0x81, 0x7e, 0x80, 0x7e, 0x7d, 0x81,
  0x81, 0x81, 0x83, 0x80, 0x80, 0x7e, 0x81, 0x83, 0x82, 0x7f, 0x7d, 0x7d,
  0x7d, 0x82, 0x82, 0x80, 0x81, 0x81, 0x80, 0x81, 0x80, 0x81, 0x81, 0x81,
  0x7d, 0x7e, 0x7c, 0x80, 0x80, 0x82, 0x81, 0x83, 0x80, 0x82, 0x7f, 0x80,
  0x81, 0x81, 0x7f, 0x7f, 0x7c, 0x7d, 0x81, 0x7e, 0x82, 0x82, 0x83, 0x82,
  0x80, 0x7f, 0x80, 0x7f, 0x81, 0x7f, 0x7f, 0x7e, 0x7e, 0x7e, 0x80, 0x82,
  0x83, 0x83, 0x81, 0x7f, 0x7f, 0x7f, 0x7f, 0x81, 0x81, 0x7f, 0x7e, 0x7f,
  0x7d, 0x81, 0x82, 0x82, 0x82, 0x82, 0x7e, 0x80, 0x7f, 0x80, 0x81, 0x82,
  0x80, 0x7f, 0x7d, 0x7d, 0x7f, 0x82, 0x82, 0x83, 0x82, 0x7d, 0x7f, 0x80,
  0x7f, 0x83, 0x83, 0x7f, 0x80, 0x7c, 0x7c, 0x7f, 0x81, 0x83, 0x83, 0x80,
  0x7f, 0x7e, 0x80, 0x81, 0x82, 0x83, 0x80, 0x7f, 0x7d, 0x7c, 0x7d, 0x82,
  0x83, 0x83, 0x81, 0x7f, 0x7d, 0x80, 0x81, 0x82, 0x83, 0x80, 0x7f, 0x7e,
  0x7e, 0x7c, 0x81, 0x82, 0x84, 0x80, 0x80, 0x7d, 0x7f, 0x80, 0x82, 0x82,
  0x82, 0x7f, 0x7e, 0x7e, 0x7d, 0x7f, 0x80, 0x83, 0x80, 0x82, 0x7d, 0x80,
  0x7e, 0x83, 0x80, 0x82, 0x80, 0x80, 0x7f, 0x7f, 0x7e, 0x7e, 0x81, 0x81,
  0x83, 0x7f, 0x80, 0x7d, 0x81, 0x81, 0x82, 0x80, 0x81, 0x7f, 0x7f, 0x7f,
  0x7d, 0x80, 0x80, 0x83, 0x80, 0x80, 0x7e, 0x80, 0x80, 0x82, 0x81, 0x80,
  0x81, 0x80, 0x80, 0x7e, 0x7e, 0x7e, 0x83, 0x82, 0x81, 0x7e, 0x7f, 0x7e,
  0x82, 0x82, 0x81, 0x80, 0x80, 0x80, 0x7e, 0x7f, 0x7e, 0x82, 0x82, 0x81,
  0x7f, 0x7d, 0x7d, 0x80, 0x84, 0x81, 0x80, 0x7f, 0x80, 0x80, 0x7f, 0x7e,
  0x80, 0x83, 0x81, 0x81, 0x7f, 0x7c, 0x7e, 0x82, 0x83, 0x82, 0x80, 0x7e,
  0x81, 0x80, 0x7f, 0x7f, 0x81, 0x82, 0x81, 0x81, 0x7d, 0x7d, 0x7f, 0x82,
  0x83, 0x81, 0x7f, 0x7f, 0x82, 0x80, 0x80, 0x7f, 0x81, 0x82, 0x81, 0x80,
  0x7c, 0x7e, 0x7f, 0x82, 0x82, 0x81, 0x7e, 0x80, 0x81, 0x81, 0x80, 0x7f,
  0x81, 0x81, 0x82, 0x7e, 0x7f, 0x7d, 0x81, 0x80, 0x82, 0x80, 0x7f, 0x80,
  0x81, 0x82, 0x7f, 0x80, 0x7f, 0x82, 0x7f, 0x81, 0x7c, 0x7f, 0x81, 0x80,
  0x82, 0x7f, 0x7f, 0x7e, 0x84, 0x80, 0x81, 0x81, 0x7f, 0x81, 0x7f, 0x82,
  0x7c, 0x82, 0x80, 0x80, 0x81, 0x7e, 0x80, 0x7d, 0x85, 0x7f, 0x83, 0x80,
  0x7f, 0x81, 0x7e, 0x81, 0x7c, 0x82, 0x80, 0x81, 0x81, 0x7f, 0x7e, 0x7e,
  0x81, 0x81, 0x83, 0x81, 0x81, 0x80, 0x7f, 0x7e, 0x7e, 0x7f, 0x81, 0x83,
  0x80, 0x80, 0x7e, 0x7d, 0x80, 0x82, 0x81, 0x82, 0x84, 0x80, 0x7f, 0x7f,
  0x7e, 0x7c, 0x81, 0x82, 0x80, 0x80, 0x80, 0x7e, 0x7e, 0x82, 0x80, 0x81,
  0x84, 0x83, 0x80, 0x80, 0x7f, 0x7a, 0x7e, 0x81, 0x81, 0x7f, 0x82, 0x7f,
  0x7e, 0x7f, 0x80, 0x81, 0x81, 0x84, 0x81, 0x81, 0x7f, 0x7e, 0x7e, 0x7f,
  0x80, 0x80, 0x80, 0x7f, 0x80, 0x7f, 0x7f, 0x81, 0x81, 0x82, 0x84, 0x82,
  0x80, 0x7f, 0x7d, 0x7e, 0x7f, 0x80, 0x7f, 0x7f, 0x7f, 0x7d, 0x80, 0x80,
  0x81, 0x81, 0x85, 0x83, 0x81, 0x81, 0x7f, 0x7e, 0x7f, 0x80, 0x7f, 0x7f,
  0x7f, 0x7c, 0x7f, 0x7f, 0x81, 0x81, 0x82, 0x84, 0x81, 0x83, 0x80, 0x80,
  0x7e, 0x80, 0x82, 0x7f, 0x80, 0x7d, 0x7d, 0x7d, 0x7d, 0x80, 0x81, 0x83,
  0x82, 0x82, 0x81, 0x80, 0x80, 0x81, 0x81, 0x82, 0x82, 0x7f, 0x7f, 0x7c,
  0x7d, 0x7c, 0x7f, 0x80, 0x81, 0x83, 0x81, 0x81, 0x7f, 0x80, 0x80, 0x7f,
  0x84, 0x81, 0x83, 0x81, 0x7f, 0x7e, 0x7b, 0x7f, 0x7c, 0x80, 0x84, 0x82,
  0x84, 0x7f, 0x80, 0x7e, 0x7c, 0x80, 0x80, 0x83, 0x82, 0x83, 0x81, 0x7f,
  0x7d, 0x7b, 0x7e, 0x7e, 0x82, 0x83, 0x84, 0x83, 0x80, 0x80, 0x7d, 0x7f,
  0x7f, 0x80, 0x80, 0x81, 0x81, 0x7f, 0x7f, 0x7e, 0x7f, 0x81, 0x82, 0x81,
  0x82, 0x80, 0x80, 0x7e, 0x7f, 0x81, 0x80, 0x82, 0x81, 0x82, 0x80, 0x7f,
  0x7f, 0x7d, 0x7f, 0x7e, 0x81, 0x81, 0x83, 0x82, 0x80, 0x81, 0x7e, 0x7f,
  0x7e, 0x80, 0x81, 0x81, 0x84, 0x81, 0x80, 0x7e, 0x7c, 0x7d, 0x7c, 0x80,
  0x81, 0x83, 0x84, 0x81, 0x81, 0x7f, 0x7f, 0x80, 0x7f, 0x80, 0x81, 0x81,
  0x81, 0x81, 0x81, 0x80, 0x7f, 0x7e, 0x7f, 0x80, 0x7f, 0x80, 0x7f, 0x81,
  0x80, 0x81, 0x7e, 0x7f, 0x81, 0x80, 0x82, 0x82, 0x85, 0x81, 0x80, 0x80,
  0x7d, 0x7d, 0x7d, 0x81, 0x7e, 0x82, 0x82, 0x81, 0x82, 0x7f, 0x81, 0x7c,
  0x80, 0x7f, 0x7f, 0x81, 0x80, 0x82, 0x80, 0x83, 0x80, 0x7f, 0x7f, 0x7e,
  0x7e, 0x80, 0x82, 0x80, 0x83, 0x81, 0x80, 0x80, 0x7f, 0x80, 0x7e, 0x82,
  0x82, 0x82, 0x81, 0x82, 0x7f, 0x7d, 0x7e, 0x7e, 0x7e, 0x7d, 0x80, 0x80,
  0x81, 0x83, 0x83, 0x80, 0x80, 0x80, 0x7d, 0x7e, 0x80, 0x81, 0x80, 0x81,
  0x83, 0x80, 0x80, 0x7f, 0x7d, 0x7e, 0x7f, 0x80, 0x81, 0x84, 0x82, 0x7f,
  0x80, 0x7e, 0x7e, 0x7c, 0x80, 0x7e, 0x81, 0x84, 0x82, 0x83, 0x81, 0x80,
  0x7f, 0x80, 0x7f, 0x7f, 0x80, 0x80, 0x82, 0x80, 0x81, 0x7e, 0x7d, 0x7f,
  0x7d, 0x81, 0x82, 0x83, 0x81, 0x81, 0x80, 0x7e, 0x7e, 0x7c, 0x7f, 0x7f,
  0x81, 0x84, 0x81, 0x83, 0x80, 0x7f, 0x81, 0x80, 0x80, 0x80, 0x83, 0x7f,
  0x80, 0x7f, 0x7f, 0x7e, 0x7e, 0x82, 0x7f, 0x84, 0x81, 0x7f, 0x7e, 0x7f,
  0x7b, 0x7c, 0x80, 0x7e, 0x81, 0x83, 0x83, 0x7f, 0x7f, 0x7e, 0x7e, 0x80,
  0x81, 0x82, 0x83, 0x85, 0x81, 0x81, 0x80, 0x7e, 0x7f, 0x81, 0x82, 0x82,
  0x81, 0x7f, 0x7e, 0x80, 0x81, 0x7f, 0x80, 0x7f, 0x80, 0x7f, 0x7d, 0x7c,
  0x7c, 0x7e, 0x80, 0x82, 0x81, 0x80, 0x7e, 0x7f, 0x81, 0x82, 0x82, 0x82,
  0x83, 0x82, 0x82, 0x81, 0x7f, 0x7e, 0x80, 0x82, 0x84, 0x82, 0x7e, 0x7c,
  0x7d, 0x7c, 0x7d, 0x7f, 0x7f, 0x81, 0x81, 0x81, 0x7e, 0x7d, 0x7e, 0x81,
  0x84, 0x85, 0x85, 0x83, 0x82, 0x7f, 0x7f, 0x7e, 0x7e, 0x7f, 0x81, 0x81,
  0x80, 0x7e, 0x7c, 0x7d, 0x7e, 0x80, 0x80, 0x81, 0x82, 0x82, 0x81, 0x80,
  0x80, 0x80, 0x81, 0x82, 0x82, 0x80, 0x7e, 0x7d, 0x7e, 0x7f, 0x7f, 0x80,
  0x81, 0x81, 0x80, 0x80, 0x80, 0x81, 0x83, 0x84, 0x84, 0x83, 0x80, 0x7f,
  0x7f, 0x7f, 0x7d, 0x7f, 0x7f, 0x7e, 0x7e, 0x7d, 0x7d, 0x7e, 0x80, 0x81,
  0x83, 0x82, 0x81, 0x80, 0x81, 0x81, 0x81, 0x82, 0x81, 0x81, 0x80, 0x7e,
  0x7d, 0x7e, 0x7f, 0x81, 0x81, 0x80, 0x80, 0x7f, 0x80, 0x7f, 0x80, 0x81,
  0x81, 0x80, 0x80, 0x7e, 0x7e, 0x7e, 0x80, 0x80, 0x81, 0x80, 0x80, 0x7f,
  0x80, 0x80, 0x7f, 0x82, 0x81, 0x81, 0x7f, 0x7f, 0x7e, 0x7f, 0x80, 0x80,
  0x81, 0x80, 0x80, 0x7f, 0x80, 0x7f, 0x81, 0x82, 0x81, 0x80, 0x80, 0x7f,
  0x7e, 0x80, 0x80, 0x80, 0x80, 0x80, 0x7f, 0x80, 0x80, 0x7f, 0x81, 0x82,
  0x81, 0x80, 0x80, 0x7e, 0x7f, 0x80, 0x80, 0x81, 0x80, 0x80, 0x7f, 0x7f,
  0x7f, 0x80, 0x82, 0x82, 0x81, 0x81, 0x80, 0x7f, 0x7f, 0x80, 0x80, 0x80,
  0x80, 0x80, 0x7f, 0x7f, 0x7f, 0x7f, 0x81, 0x81, 0x81, 0x81, 0x7f, 0x7f,
  0x7f, 0x80, 0x81, 0x81, 0x80, 0x7f, 0x7f, 0x7f, 0x7f, 0x80, 0x81, 0x81,
  0x81, 0x80, 0x7f, 0x80, 0x80, 0x81, 0x81, 0x80, 0x80, 0x7f, 0x7f, 0x7f,
  0x7f, 0x80, 0x81, 0x81, 0x81, 0x80, 0x80, 0x7f, 0x80, 0x81, 0x81, 0x80,
  0x80, 0x7f, 0x7f, 0x80, 0x7f, 0x81, 0x80, 0x81, 0x80, 0x80, 0x80, 0x80,
  0x81, 0x81, 0x81, 0x7f, 0x80, 0x7f, 0x7f, 0x7f, 0x80, 0x81, 0x81, 0x82,
  0x80, 0x80, 0x7f, 0x80, 0x81, 0x82, 0x80, 0x80, 0x80, 0x7f, 0x80, 0x80,
  0x81, 0x81, 0x82, 0x80, 0x80, 0x7f, 0x7f, 0x80, 0x81, 0x80, 0x7f, 0x7f,
  0x7e, 0x7f, 0x80, 0x81, 0x81, 0x82, 0x80, 0x7f, 0x7e, 0x7e, 0x7e, 0x81,
  0x80, 0x80, 0x80, 0x7f, 0x80, 0x80, 0x81, 0x81, 0x82, 0x7f, 0x7e, 0x7d,
  0x7e, 0x80, 0x81, 0x82, 0x80, 0x80, 0x7e, 0x7f, 0x7f, 0x81, 0x80, 0x81,
  0x7f, 0x7e, 0x7e, 0x7f, 0x82, 0x82, 0x83, 0x80, 0x7f, 0x80, 0x81, 0x82,
  0x82, 0x81, 0x80, 0x7e, 0x7e, 0x80, 0x81, 0x83, 0x81, 0x80, 0x7e, 0x7f,
  0x80, 0x82, 0x81, 0x7f, 0x7e, 0x7e, 0x80, 0x80, 0x81, 0x81, 0x81, 0x81,
  0x7f, 0x7f, 0x7f, 0x80, 0x80, 0x80, 0x7f, 0x7e, 0x80, 0x81, 0x81, 0x80,
  0x81, 0x80, 0x80, 0x7e, 0x7e, 0x80, 0x80, 0x81, 0x81, 0x82, 0x80, 0x81,
  0x82, 0x80, 0x7e, 0x80, 0x7f, 0x7e, 0x7f, 0x7f, 0x82, 0x81, 0x82, 0x7f,
  0x7f, 0x7f, 0x7f, 0x81, 0x82, 0x7f, 0x81, 0x81, 0x7d, 0x81, 0x80, 0x80,
  0x81, 0x81, 0x7e, 0x7f, 0x7f, 0x80, 0x82, 0x81, 0x7f, 0x80, 0x81, 0x7f,
  0x82, 0x80, 0x7f, 0x7f, 0x7f, 0x7f, 0x81, 0x82, 0x81, 0x7f, 0x7f, 0x7d,
  0x80, 0x83, 0x80, 0x80, 0x7e, 0x80, 0x82, 0x83, 0x80, 0x80, 0x7e, 0x7f,
  0x7e, 0x7f, 0x80, 0x81, 0x82, 0x80, 0x7f, 0x7f, 0x81, 0x81, 0x80, 0x80,
  0x80, 0x7f, 0x80, 0x80, 0x81, 0x83, 0x80, 0x7e, 0x7e, 0x7e, 0x81, 0x82,
  0x80, 0x7f, 0x7f, 0x80, 0x81, 0x82, 0x81, 0x7e, 0x7d, 0x7e, 0x80, 0x83,
  0x82, 0x81, 0x7e, 0x7d, 0x80, 0x82, 0x81, 0x7f, 0x7f, 0x7e, 0x80, 0x82,
  0x80, 0x81, 0x81, 0x80, 0x80, 0x7e, 0x7e, 0x82, 0x81, 0x7f, 0x7f, 0x7f,
  0x82, 0x82, 0x80, 0x7e, 0x7f, 0x7f, 0x7f, 0x82, 0x82, 0x81, 0x7f, 0x7d,
  0x7f, 0x82, 0x82, 0x80, 0x7e, 0x80, 0x7f, 0x82, 0x81, 0x80, 0x7e, 0x81,
  0x81, 0x82, 0x80, 0x7f, 0x7f, 0x80, 0x7f, 0x80, 0x82, 0x81, 0x82, 0x7e,
  0x7d, 0x80, 0x82, 0x81, 0x81, 0x7f, 0x7d, 0x81, 0x80, 0x82, 0x84, 0x7f,
  0x7c, 0x7f, 0x7f, 0x83, 0x81, 0x7e, 0x7f, 0x7f, 0x82, 0x82, 0x82, 0x7f,
  0x7f, 0x80, 0x7d, 0x80, 0x81, 0x82, 0x81, 0x7e, 0x7e, 0x80, 0x83, 0x84,
  0x81, 0x7e, 0x7c, 0x7e, 0x80, 0x84, 0x83, 0x80, 0x7b, 0x7e, 0x80, 0x85,
  0x82, 0x7f, 0x7f, 0x7e, 0x80, 0x80, 0x81, 0x7f, 0x81, 0x81, 0x80, 0x7f,
  0x80, 0x82, 0x83, 0x7f, 0x7d, 0x7b, 0x7f, 0x83, 0x83, 0x82, 0x80, 0x7f,
  0x7d, 0x82, 0x84, 0x84, 0x81, 0x7b, 0x7a, 0x7f, 0x81, 0x85, 0x83, 0x7f,
  0x7e, 0x7d, 0x80, 0x84, 0x81, 0x80, 0x7f, 0x7e, 0x7f, 0x80, 0x7f, 0x81,
  0x81, 0x81, 0x81, 0x7e, 0x7e, 0x81, 0x84, 0x82, 0x80, 0x7f, 0x7c, 0x7e,
  0x80, 0x80, 0x84, 0x82, 0x7f, 0x7e, 0x7d, 0x80, 0x85, 0x83, 0x81, 0x80,
  0x7b, 0x7c, 0x80, 0x82, 0x85, 0x83, 0x7b, 0x7c, 0x7d, 0x81, 0x86, 0x86,
  0x81, 0x7b, 0x7b, 0x7d, 0x81, 0x84, 0x83, 0x81, 0x7d, 0x7d, 0x80, 0x81,
  0x83, 0x82, 0x81, 0x7e, 0x7f, 0x7e, 0x7e, 0x7e, 0x81, 0x81, 0x82, 0x80,
  0x7e, 0x7f, 0x81, 0x82, 0x82, 0x81, 0x7f, 0x7e, 0x7d, 0x7e, 0x7f, 0x82,
  0x82, 0x82, 0x80, 0x7f, 0x80, 0x80, 0x81, 0x81, 0x81, 0x80, 0x7e, 0x7e,
  0x7d, 0x80, 0x82, 0x83, 0x82, 0x80, 0x7f, 0x7e, 0x7f, 0x81, 0x81, 0x82,
  0x80, 0x7e, 0x7e, 0x7e, 0x7f, 0x82, 0x83, 0x82, 0x80, 0x7f, 0x7e, 0x7e,
  0x81, 0x82, 0x82, 0x80, 0x7f, 0x7e, 0x7e, 0x7e, 0x83, 0x83, 0x82, 0x80,
  0x7e, 0x7d, 0x7e, 0x81, 0x82, 0x83, 0x81, 0x7f, 0x7d, 0x7f, 0x7e, 0x82,
  0x84, 0x82, 0x81, 0x7e, 0x7c, 0x7e, 0x81, 0x82, 0x84, 0x81, 0x7f, 0x7d,
  0x7e, 0x7e, 0x82, 0x85, 0x82, 0x81, 0x7d, 0x7b, 0x7d, 0x81, 0x83, 0x84,
  0x82, 0x7f, 0x7d, 0x7e, 0x7f, 0x81, 0x85, 0x82, 0x81, 0x7d, 0x7c, 0x7d,
  0x80, 0x83, 0x83, 0x82, 0x7f, 0x7d, 0x7e, 0x81, 0x80, 0x84, 0x82, 0x81,
  0x7e, 0x7c, 0x7d, 0x7f, 0x82, 0x82, 0x82, 0x7f, 0x7f, 0x7d, 0x81, 0x7f,
  0x82, 0x83, 0x82, 0x80, 0x7d, 0x7d, 0x7d, 0x81, 0x82, 0x82, 0x80, 0x80,
  0x7e, 0x80, 0x80, 0x80, 0x82, 0x83, 0x82, 0x7f, 0x7e, 0x7c, 0x7e, 0x81,
  0x82, 0x81, 0x80, 0x80, 0x7f, 0x80, 0x80, 0x80, 0x83, 0x83, 0x81, 0x7f,
  0x7c, 0x7d, 0x7f, 0x82, 0x81, 0x80, 0x7f, 0x80, 0x80, 0x80, 0x7f, 0x81,
  0x82, 0x82, 0x81, 0x7e, 0x7d, 0x7d, 0x80, 0x80, 0x81, 0x80, 0x80, 0x80,
  0x80, 0x80, 0x7f, 0x82, 0x82, 0x82, 0x80, 0x7e, 0x7d, 0x7f, 0x81, 0x80,
  0x80, 0x80, 0x80, 0x80, 0x82, 0x7f, 0x80, 0x82, 0x82, 0x81, 0x80, 0x7e,
  0x7d, 0x80, 0x80, 0x7f, 0x80, 0x80, 0x7f, 0x80, 0x82, 0x7f, 0x81, 0x82,
  0x81, 0x81, 0x7f, 0x7e, 0x7d, 0x80, 0x7f, 0x80, 0x7f, 0x80, 0x7f, 0x81,
  0x82, 0x80, 0x82, 0x82, 0x80, 0x80, 0x80, 0x7e, 0x7e, 0x80, 0x7e, 0x7f,
  0x7f, 0x80, 0x7f, 0x82, 0x82, 0x80, 0x82, 0x81, 0x80, 0x80, 0x80, 0x7f,
  0x7e, 0x80, 0x7e, 0x7f, 0x7f, 0x80, 0x7f, 0x83, 0x82, 0x80, 0x82, 0x80,
  0x7f, 0x80, 0x81, 0x80, 0x7f, 0x80, 0x7d, 0x7e, 0x80, 0x7f, 0x80, 0x82,
  0x82, 0x80, 0x82, 0x81, 0x7e, 0x80, 0x80, 0x80, 0x7f, 0x81, 0x7e, 0x7e,
  0x81, 0x7e, 0x80, 0x82, 0x82, 0x81, 0x83, 0x81, 0x7d, 0x80, 0x7f, 0x80,
  0x80, 0x81, 0x7f, 0x7e, 0x80, 0x7d, 0x7f, 0x82, 0x83, 0x81, 0x83, 0x81,
  0x7e, 0x7f, 0x7f, 0x7f, 0x80, 0x81, 0x80, 0x7f, 0x80, 0x7e, 0x7d, 0x81,
  0x83, 0x81, 0x82, 0x83, 0x7f, 0x7e, 0x80, 0x7f, 0x7e, 0x80, 0x82, 0x7f,
  0x80, 0x80, 0x7e, 0x7e, 0x82, 0x82, 0x81, 0x82, 0x82, 0x7f, 0x7f, 0x80,
  0x80, 0x7d, 0x81, 0x80, 0x80, 0x7f, 0x7f, 0x7f, 0x7f, 0x82, 0x80, 0x81,
  0x82, 0x81, 0x7f, 0x7f, 0x80, 0x7e, 0x7f, 0x81, 0x7f, 0x80, 0x80, 0x7f,
  0x80, 0x81, 0x81, 0x80, 0x82, 0x82, 0x80, 0x80, 0x80, 0x7f, 0x7f, 0x80,
  0x7f, 0x7f, 0x80, 0x7f, 0x7e, 0x80, 0x81, 0x80, 0x81, 0x82, 0x81, 0x80,
  0x81, 0x81, 0x7e, 0x7f, 0x80, 0x80, 0x7f, 0x80, 0x7f, 0x7d, 0x7f, 0x81,
  0x81, 0x80, 0x82, 0x83, 0x7f, 0x81, 0x82, 0x80, 0x7f, 0x80, 0x81, 0x80,
  0x80, 0x7f, 0x7e, 0x7f, 0x7f, 0x80, 0x80, 0x82, 0x81, 0x81, 0x81, 0x80,
  0x80, 0x80, 0x80, 0x80, 0x82, 0x81, 0x7f, 0x7f, 0x7e, 0x7f, 0x7f, 0x80,
  0x81, 0x80, 0x81, 0x82, 0x80, 0x7e, 0x7f, 0x7f, 0x7f, 0x81, 0x82, 0x81,
  0x80, 0x80, 0x7f, 0x7e, 0x7f, 0x80, 0x81, 0x81, 0x83, 0x81, 0x80, 0x7f,
  0x7e, 0x7e, 0x7f, 0x80, 0x80, 0x81, 0x81, 0x7f, 0x80, 0x80, 0x81, 0x7f,
  0x80, 0x81, 0x80, 0x80, 0x80, 0x80, 0x7f, 0x7f, 0x81, 0x80, 0x80, 0x81,
  0x80, 0x7f, 0x7f, 0x80, 0x7f, 0x7f, 0x81, 0x81, 0x81, 0x81, 0x80, 0x7f,
  0x80, 0x7f, 0x7f, 0x80, 0x81, 0x81, 0x80, 0x80, 0x80, 0x7f, 0x7f, 0x80,
  0x80, 0x81, 0x82, 0x82, 0x80, 0x80, 0x80, 0x7f, 0x7e, 0x7f, 0x80, 0x80,
  0x80, 0x81, 0x80, 0x80, 0x80, 0x80, 0x7f, 0x81, 0x80, 0x81, 0x82, 0x81,
  0x80, 0x80, 0x80, 0x80, 0x7f, 0x80, 0x7f, 0x80, 0x80, 0x80, 0x7f, 0x7e,
  0x7f, 0x7f, 0x7f, 0x81, 0x82, 0x81, 0x82, 0x82, 0x80, 0x80, 0x80, 0x80,
  0x7f, 0x7f, 0x80, 0x80, 0x81, 0x81, 0x80, 0x80, 0x7f, 0x7f, 0x7f, 0x80,
  0x80, 0x80, 0x81, 0x81, 0x80, 0x80, 0x81, 0x7f, 0x80, 0x80, 0x80, 0x81,
  0x81, 0x80, 0x7f, 0x7f, 0x7f, 0x7f, 0x7f, 0x80, 0x80, 0x80, 0x82, 0x81,
  0x80, 0x81, 0x81, 0x7f, 0x80, 0x80, 0x80, 0x80, 0x80, 0x81, 0x80, 0x80,
  0x81, 0x80, 0x7f, 0x7f, 0x80, 0x7f, 0x80, 0x80, 0x80, 0x7f, 0x7f, 0x7f,
  0x7f, 0x80, 0x7f, 0x80, 0x81, 0x81, 0x81, 0x81, 0x81, 0x80, 0x80, 0x80,
  0x80, 0x80, 0x81, 0x80, 0x80, 0x81, 0x80, 0x80, 0x80, 0x80, 0x7f, 0x80,
  0x80, 0x80, 0x80, 0x7f, 0x7f, 0x80, 0x7f, 0x80, 0x7f, 0x81, 0x80, 0x81,
  0x81, 0x80, 0x81, 0x80, 0x80, 0x80, 0x80, 0x80, 0x81, 0x81, 0x81, 0x81,
  0x80, 0x80, 0x7f, 0x80, 0x80, 0x80, 0x80, 0x80, 0x80, 0x80, 0x80, 0x7f,
  0x7f, 0x7f, 0x80, 0x80, 0x80, 0x80, 0x81, 0x80, 0x80, 0x7f, 0x7f, 0x80,
  0x81, 0x82, 0x82, 0x81, 0x81, 0x80, 0x7f, 0x80, 0x80, 0x80, 0x81, 0x81,
  0x81, 0x80, 0x7f, 0x7f, 0x7f, 0x7f, 0x80, 0x80, 0x80, 0x7f, 0x7f, 0x7f,
  0x7f, 0x80, 0x81, 0x80, 0x81, 0x81, 0x80, 0x7f, 0x80, 0x80, 0x81, 0x81,
  0x82, 0x81, 0x80, 0x80, 0x7f, 0x7f, 0x80, 0x80, 0x81, 0x81, 0x80, 0x7f,
  0x7e, 0x7e, 0x7e, 0x80, 0x81, 0x81, 0x81, 0x80, 0x7e, 0x7e, 0x7e, 0x7f,
  0x81, 0x82, 0x82, 0x81, 0x80, 0x7f, 0x7e, 0x7e, 0x7f, 0x81, 0x82, 0x82,
  0x81, 0x80, 0x7e, 0x7e, 0x7e, 0x7f, 0x81, 0x82, 0x82, 0x81, 0x80, 0x7e,
  0x7e, 0x7e, 0x80, 0x81, 0x81, 0x81, 0x81, 0x80, 0x7f, 0x7f, 0x80, 0x81,
  0x81, 0x81, 0x80, 0x7f, 0x7e, 0x7e, 0x80, 0x80, 0x80, 0x81, 0x81, 0x80,
  0x80, 0x7f, 0x80, 0x81, 0x82, 0x82, 0x81, 0x80, 0x7f, 0x7f, 0x80, 0x80,
  0x80, 0x80, 0x80, 0x7e, 0x7f, 0x7e, 0x7f, 0x80, 0x81, 0x81, 0x81, 0x81,
  0x7f, 0x80, 0x80, 0x81, 0x81, 0x81, 0x80, 0x7f, 0x7f, 0x7e, 0x7f, 0x80,
  0x81, 0x81, 0x81, 0x80, 0x7f, 0x7f, 0x80, 0x81, 0x82, 0x81, 0x80, 0x7f,
  0x7f, 0x7e, 0x7f, 0x80, 0x81, 0x81, 0x81, 0x80, 0x7f, 0x7f, 0x80, 0x81,
  0x82, 0x81, 0x80, 0x7f, 0x7e, 0x7e, 0x7f, 0x80, 0x81, 0x81, 0x81, 0x7f,
  0x7f, 0x80, 0x80, 0x82, 0x82, 0x81, 0x80, 0x7f, 0x7e, 0x7e, 0x7f, 0x80,
  0x81, 0x81, 0x80, 0x7f, 0x7f, 0x7f, 0x81, 0x82, 0x82, 0x81, 0x80, 0x7f,
  0x7e, 0x7e, 0x7f, 0x80, 0x81, 0x81, 0x80, 0x7f, 0x7f, 0x80, 0x81, 0x82,
  0x82, 0x81, 0x80, 0x7f, 0x7f, 0x7e, 0x80, 0x81, 0x81, 0x80, 0x80, 0x7f,
  0x7f, 0x80, 0x81, 0x82, 0x81, 0x80, 0x7f, 0x7f, 0x7f, 0x7f, 0x80, 0x81,
  0x81, 0x80, 0x80, 0x7f, 0x7f, 0x81, 0x81, 0x82, 0x81, 0x80, 0x7f, 0x7f,
  0x7f, 0x80, 0x80, 0x81, 0x81, 0x80, 0x7f, 0x7f, 0x80, 0x81, 0x81, 0x82,
  0x80, 0x7f, 0x7f, 0x7f, 0x7f, 0x80, 0x81, 0x81, 0x81, 0x80, 0x7f, 0x7f,
  0x80, 0x81, 0x82, 0x81, 0x7f, 0x7e, 0x7f, 0x7e, 0x80, 0x81, 0x81, 0x81,
  0x81, 0x7f, 0x7f, 0x80, 0x81, 0x81, 0x82, 0x80, 0x7e, 0x7f, 0x7f, 0x7f,
  0x81, 0x81, 0x81, 0x81, 0x80, 0x7e, 0x7f, 0x80, 0x81, 0x81, 0x81, 0x7f,
  0x7e, 0x7f, 0x7f, 0x81, 0x82, 0x81, 0x81, 0x80, 0x7e, 0x7d, 0x7f, 0x80,
  0x81, 0x81, 0x80, 0x7f, 0x80, 0x81, 0x81, 0x82, 0x81, 0x80, 0x7f, 0x7e,
  0x7e, 0x7f, 0x82, 0x82, 0x82, 0x81, 0x7f, 0x7e, 0x80, 0x81, 0x81, 0x81,
  0x7f, 0x7e, 0x7e, 0x80, 0x81, 0x83, 0x83, 0x81, 0x7f, 0x7e, 0x7e, 0x80,
  0x83, 0x83, 0x81, 0x7e, 0x7d, 0x7f, 0x81, 0x83, 0x83, 0x80, 0x7e, 0x7d,
  0x7d, 0x7f, 0x82, 0x82, 0x81, 0x7e, 0x7d, 0x7e, 0x81, 0x83, 0x81, 0x80,
  0x7e, 0x7d, 0x80, 0x80, 0x7f, 0x81, 0x82, 0x80, 0x80, 0x7e, 0x7f, 0x82,
  0x83, 0x80, 0x7f, 0x7f, 0x7e, 0x81, 0x81, 0x7f, 0x82, 0x84, 0x7f, 0x7e,
  0x7f, 0x7e, 0x81, 0x82, 0x7f, 0x80, 0x81, 0x7f, 0x80, 0x83, 0x7f, 0x7e,
  0x82, 0x7d, 0x7c, 0x81, 0x80, 0x82, 0x84, 0x7f, 0x7e, 0x81, 0x7e, 0x7f,
  0x82, 0x7f, 0x7f, 0x82, 0x7e, 0x7d, 0x82, 0x80, 0x81, 0x83, 0x7e, 0x7d,
  0x81, 0x7f, 0x81, 0x82, 0x7f, 0x7e, 0x81, 0x81, 0x80, 0x83, 0x7f, 0x7e,
  0x7e, 0x7e, 0x7f, 0x84, 0x83, 0x80, 0x80, 0x7e, 0x7f, 0x81, 0x82, 0x7d,
  0x7f, 0x7f, 0x80, 0x82, 0x81, 0x7f, 0x80, 0x80, 0x7d, 0x7f, 0x80, 0x81,
  0x82, 0x82, 0x7f, 0x7f, 0x81, 0x7f, 0x80, 0x81, 0x80, 0x80, 0x7f, 0x7e,
  0x81, 0x84, 0x82, 0x80, 0x7f, 0x7e, 0x7e, 0x81, 0x81, 0x80, 0x81, 0x7f,
  0x80, 0x81, 0x82, 0x80, 0x7f, 0x7d, 0x7d, 0x82, 0x83, 0x83, 0x81, 0x7e,
  0x7c, 0x81, 0x80, 0x7f, 0x80, 0x7f, 0x80, 0x82, 0x80, 0x80, 0x83, 0x7f,
  0x80, 0x7f, 0x7c, 0x80, 0x83, 0x80, 0x82, 0x81, 0x7f, 0x81, 0x7f, 0x7f,
  0x80, 0x80, 0x7c, 0x80, 0x83, 0x83, 0x82, 0x7e, 0x7d, 0x7e, 0x80, 0x81,
  0x82, 0x80, 0x7f, 0x7f, 0x83, 0x80, 0x83, 0x80, 0x7e, 0x7e, 0x7f, 0x7e,
  0x80, 0x82, 0x81, 0x82, 0x80, 0x7f, 0x7f, 0x81, 0x7e, 0x80, 0x7e, 0x7f,
  0x84, 0x83, 0x80, 0x80, 0x7d, 0x7e, 0x82, 0x7f, 0x82, 0x7f, 0x7e, 0x7f,
  0x82, 0x81, 0x83, 0x81, 0x7f, 0x80, 0x7f, 0x7e, 0x7e, 0x80, 0x80, 0x82,
  0x81, 0x81, 0x81, 0x82, 0x7f, 0x7f, 0x7c, 0x7e, 0x82, 0x82, 0x80, 0x81,
  0x7f, 0x80, 0x82, 0x7f, 0x80, 0x81, 0x7d, 0x7f, 0x81, 0x7f, 0x82, 0x80,
  0x7e, 0x82, 0x81, 0x81, 0x82, 0x7e, 0x7e, 0x80, 0x7f, 0x7f, 0x80, 0x82,
  0x81, 0x82, 0x7e, 0x7f, 0x83, 0x81, 0x7f, 0x7e, 0x7c, 0x80, 0x80, 0x7f,
  0x83, 0x83, 0x80, 0x81, 0x7e, 0x80, 0x83, 0x7f, 0x7d, 0x80, 0x7d, 0x81,
  0x83, 0x7f, 0x82, 0x80, 0x80, 0x81, 0x7f, 0x7f, 0x81, 0x81, 0x7f, 0x7f,
  0x80, 0x7e, 0x81, 0x80, 0x80, 0x83, 0x82, 0x7f, 0x80, 0x7f, 0x80, 0x82,
  0x7e, 0x7e, 0x81, 0x7f, 0x80, 0x82, 0x7f, 0x83, 0x82, 0x7d, 0x80, 0x81,
  0x80, 0x83, 0x7e, 0x7d, 0x7f, 0x7f, 0x80, 0x82, 0x81, 0x80, 0x81, 0x80,
  0x7e, 0x82, 0x81, 0x7f, 0x80, 0x7d, 0x7d, 0x80, 0x81, 0x80, 0x82, 0x80,
  0x80, 0x82, 0x80, 0x7e, 0x81, 0x7f, 0x80, 0x80, 0x7c, 0x7e, 0x82, 0x7f,
  0x82, 0x82, 0x7f, 0x84, 0x81, 0x7c, 0x80, 0x7f, 0x7f, 0x81, 0x7d, 0x7e,
  0x82, 0x81, 0x80, 0x81, 0x82, 0x82, 0x82, 0x7f, 0x7d, 0x7f, 0x7f, 0x7f,
  0x80, 0x7f, 0x7f, 0x81, 0x82, 0x80, 0x82, 0x82, 0x81, 0x81, 0x7f, 0x7c,
  0x7e, 0x7f, 0x7f, 0x80, 0x80, 0x7f, 0x81, 0x82, 0x80, 0x82, 0x82, 0x81,
  0x80, 0x80, 0x7c, 0x7e, 0x80, 0x80, 0x80, 0x81, 0x7f, 0x80, 0x82, 0x80,
  0x82, 0x83, 0x81, 0x80, 0x80, 0x7c, 0x7d, 0x80, 0x7f, 0x81, 0x81, 0x7e,
  0x7f, 0x82, 0x80, 0x83, 0x84, 0x80, 0x81, 0x7f, 0x7c, 0x7d, 0x80, 0x81,
  0x81, 0x80, 0x7e, 0x7e, 0x81, 0x81, 0x82, 0x84, 0x81, 0x80, 0x7f, 0x7e,
  0x7d, 0x80, 0x81, 0x80, 0x80, 0x7e, 0x7d, 0x80, 0x83, 0x82, 0x83, 0x81,
  0x80, 0x7f, 0x80, 0x7e, 0x7f, 0x80, 0x7f, 0x7f, 0x7f, 0x7f, 0x7f, 0x83,
  0x82, 0x82, 0x81, 0x81, 0x7e, 0x80, 0x7f, 0x7e, 0x80, 0x80, 0x7f, 0x7f,
  0x7f, 0x7f, 0x82, 0x83, 0x82, 0x80, 0x81, 0x80, 0x7f, 0x81, 0x7f, 0x7e,
  0x7f, 0x7f, 0x7f, 0x7f, 0x7f, 0x80, 0x82, 0x83, 0x81, 0x81, 0x81, 0x80,
  0x80, 0x81, 0x7e, 0x7f, 0x80, 0x7f, 0x7f, 0x7f, 0x7f, 0x80, 0x82, 0x81,
  0x81, 0x81, 0x81, 0x80, 0x81, 0x7f, 0x7e, 0x7f, 0x80, 0x7f, 0x7f, 0x7f,
  0x7f, 0x81, 0x83, 0x81, 0x81, 0x81, 0x81, 0x80, 0x80, 0x7f, 0x7e, 0x80,
  0x80, 0x7f, 0x7f, 0x7f, 0x7f, 0x81, 0x82, 0x81, 0x81, 0x81, 0x81, 0x80,
  0x80, 0x7e, 0x7f, 0x80, 0x80, 0x80, 0x7f, 0x7f, 0x7f, 0x81, 0x82, 0x81,
  0x81, 0x81, 0x80, 0x80, 0x80, 0x7d, 0x7f, 0x80, 0x81, 0x80, 0x7f, 0x7f,
  0x7f, 0x82, 0x82, 0x81, 0x81, 0x81, 0x80, 0x80, 0x7f, 0x7e, 0x7f, 0x80,
  0x81, 0x7f, 0x7f, 0x7f, 0x7f, 0x82, 0x82, 0x81, 0x81, 0x80, 0x80, 0x80,
  0x7f, 0x7e, 0x7f, 0x80, 0x81, 0x7f, 0x80, 0x7e, 0x80, 0x82, 0x82, 0x81,
  0x81, 0x80, 0x7f, 0x80, 0x7f, 0x7e, 0x7f, 0x80, 0x80, 0x80, 0x80, 0x7f,
  0x80, 0x82, 0x82, 0x81, 0x81, 0x80, 0x7f, 0x80, 0x7f, 0x7e, 0x80, 0x81,
  0x81, 0x80, 0x80, 0x7e, 0x7f, 0x81, 0x81, 0x81, 0x82, 0x80, 0x7f, 0x80,
  0x7f, 0x7e, 0x80, 0x81, 0x81, 0x81, 0x80, 0x7e, 0x7f, 0x81, 0x81, 0x81,
  0x83, 0x81, 0x7f, 0x80, 0x7e, 0x7d, 0x80, 0x81, 0x81, 0x81, 0x81, 0x7e,
  0x7e, 0x80, 0x80, 0x80, 0x82, 0x82, 0x7f, 0x80, 0x7f, 0x7d, 0x7e, 0x81,
  0x80, 0x81, 0x82, 0x80, 0x7e, 0x80, 0x80, 0x7f, 0x80, 0x83, 0x80, 0x7f,
  0x81, 0x7e, 0x7d, 0x80, 0x81, 0x80, 0x81, 0x82, 0x80, 0x7f, 0x80, 0x7f,
  0x7f, 0x81, 0x81, 0x7f, 0x81, 0x7f, 0x7e, 0x7f, 0x80, 0x81, 0x81, 0x82,
  0x80, 0x80, 0x80, 0x7f, 0x7f, 0x80, 0x81, 0x80, 0x80, 0x80, 0x7e, 0x80,
  0x80, 0x7f, 0x81, 0x81, 0x80, 0x80, 0x81, 0x7f, 0x80, 0x80, 0x81, 0x80,
  0x80, 0x80, 0x7f, 0x7e, 0x80, 0x80, 0x80, 0x81, 0x81, 0x80, 0x80, 0x81,
  0x80, 0x80, 0x80, 0x81, 0x80, 0x80, 0x80, 0x7f, 0x7e, 0x7f, 0x80, 0x80,
  0x81, 0x81, 0x80, 0x7f, 0x80, 0x80, 0x80, 0x80, 0x81, 0x80, 0x80, 0x80,
  0x7f, 0x7f, 0x7f, 0x80, 0x80, 0x81, 0x81, 0x80, 0x80, 0x80, 0x80, 0x80,
  0x80, 0x81, 0x81, 0x80, 0x80, 0x80, 0x7e, 0x7f, 0x80, 0x7f, 0x81, 0x82,
  0x81, 0x81, 0x80, 0x80, 0x7f, 0x7f, 0x80, 0x80, 0x81, 0x81, 0x81, 0x7f,
  0x7f, 0x7e, 0x7e, 0x7f, 0x81, 0x81, 0x81, 0x81, 0x80, 0x80, 0x80, 0x7f,
  0x80, 0x7f, 0x80, 0x81, 0x80, 0x80, 0x80, 0x7f, 0x7f, 0x80, 0x80, 0x80,
  0x81, 0x80, 0x80, 0x7f, 0x80, 0x81, 0x80, 0x80, 0x81, 0x80, 0x80, 0x80,
  0x7f, 0x7f, 0x80, 0x7f, 0x80, 0x80, 0x80, 0x81, 0x80, 0x80, 0x80, 0x80,
  0x7f, 0x81, 0x80, 0x80, 0x81, 0x80, 0x80, 0x7f, 0x7f, 0x7f, 0x7f, 0x80,
  0x81, 0x81, 0x80, 0x81, 0x80, 0x7f, 0x81, 0x7f, 0x7f, 0x80, 0x80, 0x81,
  0x81, 0x80, 0x80, 0x80, 0x7f, 0x80, 0x7f, 0x7f, 0x81, 0x7f, 0x80, 0x82,
  0x80, 0x80, 0x81, 0x80, 0x80, 0x81, 0x80, 0x81, 0x81, 0x80, 0x80, 0x7f,
  0x7f, 0x80, 0x7f, 0x80, 0x80, 0x80, 0x81, 0x80, 0x80, 0x80, 0x7f, 0x80,
  0x7f, 0x80, 0x80, 0x81, 0x80, 0x81, 0x81, 0x80, 0x81, 0x7f, 0x80, 0x7f,
  0x7f, 0x80, 0x81, 0x81, 0x81, 0x80, 0x7f, 0x81, 0x80, 0x80, 0x81, 0x80,
  0x81, 0x81, 0x80, 0x80, 0x7f, 0x7e, 0x7f, 0x80, 0x7f, 0x80, 0x80, 0x80,
  0x81, 0x81, 0x81, 0x80, 0x80, 0x7f, 0x7f, 0x80, 0x81, 0x81, 0x81, 0x81,
  0x80, 0x80, 0x80, 0x80, 0x7f, 0x80, 0x80, 0x80, 0x81, 0x81, 0x80, 0x7f,
  0x80, 0x7f, 0x7f, 0x80, 0x80, 0x81, 0x81, 0x81, 0x80, 0x80, 0x7f, 0x7f,
  0x7f, 0x80, 0x80, 0x80, 0x81, 0x80, 0x80, 0x81, 0x7f, 0x7f, 0x7f, 0x81,
  0x80, 0x82, 0x82, 0x80, 0x7f, 0x7f, 0x7f, 0x7e, 0x80, 0x7f, 0x80, 0x82,
  0x81, 0x81, 0x80, 0x80, 0x7e, 0x7f, 0x80, 0x80, 0x80, 0x81, 0x81, 0x7f,
  0x81, 0x7f, 0x7e, 0x81, 0x81, 0x80, 0x81, 0x81, 0x7f, 0x7e, 0x7f, 0x7e,
  0x7e, 0x81, 0x82, 0x81, 0x83, 0x81, 0x7d, 0x7e, 0x7f, 0x7e, 0x80, 0x83,
  0x82, 0x81, 0x82, 0x81, 0x7e, 0x7e, 0x7f, 0x7f, 0x82, 0x83, 0x80, 0x80,
  0x81, 0x7f, 0x7f, 0x80, 0x80, 0x80, 0x80, 0x80, 0x7e, 0x7e, 0x7f, 0x7e,
  0x81, 0x82, 0x81, 0x80, 0x81, 0x7f, 0x80, 0x81, 0x80, 0x81, 0x81, 0x82,
  0x80, 0x81, 0x7f, 0x7e, 0x80, 0x81, 0x82, 0x81, 0x81, 0x7e, 0x7e, 0x7e,
  0x7e, 0x7f, 0x80, 0x81, 0x80, 0x81, 0x7f, 0x7e, 0x7f, 0x80, 0x81, 0x83,
  0x84, 0x81, 0x82, 0x7f, 0x7e, 0x7e, 0x7f, 0x80, 0x81, 0x82, 0x80, 0x7f,
  0x7e, 0x7e, 0x7e, 0x80, 0x81, 0x81, 0x83, 0x82, 0x81, 0x80, 0x7f, 0x7f,
  0x80, 0x81, 0x81, 0x81, 0x80, 0x7f, 0x7f, 0x80, 0x7f, 0x80, 0x82, 0x81,
  0x81, 0x80, 0x7f, 0x7f, 0x81, 0x81, 0x81, 0x81, 0x80, 0x7f, 0x7f, 0x7f,
  0x7e, 0x7f, 0x80, 0x80, 0x7f, 0x7f, 0x7e, 0x7f, 0x81, 0x81, 0x82, 0x82,
  0x81, 0x80, 0x81, 0x80, 0x80, 0x80, 0x80, 0x80, 0x7f, 0x7f, 0x7d, 0x7f,
  0x80, 0x80, 0x81, 0x81, 0x81, 0x80, 0x80, 0x7f, 0x80, 0x80, 0x81, 0x80,
  0x80, 0x7f, 0x7e, 0x7f, 0x7f, 0x81, 0x81, 0x81, 0x81, 0x81, 0x80, 0x80,
  0x80, 0x81, 0x81, 0x80, 0x80, 0x7e, 0x7f, 0x7f, 0x80, 0x81, 0x81, 0x81,
  0x81, 0x80, 0x80, 0x80, 0x80, 0x81, 0x81, 0x80, 0x7f, 0x7e, 0x7f, 0x7f,
  0x81, 0x81, 0x80, 0x80, 0x81, 0x80, 0x80, 0x80, 0x80, 0x81, 0x81, 0x7f,
  0x7f, 0x7f, 0x7f, 0x80, 0x81, 0x81, 0x80, 0x81, 0x80, 0x7f, 0x81, 0x80,
  0x80, 0x81, 0x80, 0x7f, 0x7f, 0x7e, 0x7f, 0x80, 0x81, 0x80, 0x81, 0x81,
  0x80, 0x80, 0x81, 0x7f, 0x81, 0x81, 0x7f, 0x7f, 0x7f, 0x7e, 0x80, 0x81,
  0x81, 0x81, 0x81, 0x80, 0x80, 0x80, 0x80, 0x80, 0x81, 0x80, 0x7f, 0x7f,
  0x7e, 0x7f, 0x81, 0x81, 0x80, 0x81, 0x81, 0x80, 0x80, 0x80, 0x7f, 0x80,
  0x81, 0x7f, 0x7f, 0x7f, 0x7f, 0x80, 0x81, 0x81, 0x81, 0x81, 0x80, 0x80,
  0x80, 0x80, 0x80, 0x81, 0x80, 0x7f, 0x7f, 0x7f, 0x7f, 0x81, 0x82, 0x80,
  0x81, 0x80, 0x80, 0x80, 0x80, 0x7f, 0x80, 0x81, 0x7f, 0x7f, 0x7f, 0x7f,
  0x81, 0x82, 0x81, 0x81, 0x80, 0x7f, 0x80, 0x80, 0x7f, 0x7f, 0x80, 0x7f,
  0x7f, 0x80, 0x80, 0x81, 0x82, 0x82, 0x80, 0x80, 0x7f, 0x7f, 0x7f, 0x7f,
  0x7f, 0x80, 0x80, 0x80, 0x81, 0x80, 0x81, 0x82, 0x82, 0x80, 0x7e, 0x7e,
  0x7d, 0x7f, 0x80, 0x80, 0x81, 0x83, 0x81, 0x81, 0x80, 0x7f, 0x80, 0x80,
  0x7e, 0x7d, 0x7e, 0x7f, 0x81, 0x83, 0x83, 0x81, 0x81, 0x7f, 0x7e, 0x7f,
  0x7f, 0x80, 0x81, 0x81, 0x7f, 0x7e, 0x80, 0x82, 0x83, 0x83, 0x80, 0x7f,
  0x80, 0x7e, 0x80, 0x81, 0x80, 0x80, 0x80, 0x7e, 0x7e, 0x81, 0x83, 0x83,
  0x81, 0x7f, 0x7d, 0x7f, 0x80, 0x7f, 0x81, 0x80, 0x80, 0x80, 0x80, 0x7f,
  0x81, 0x83, 0x82, 0x7e, 0x7e, 0x7d, 0x7f, 0x82, 0x80, 0x81, 0x82, 0x82,
  0x80, 0x7f, 0x7e, 0x7f, 0x81, 0x80, 0x7e, 0x7f, 0x80, 0x81, 0x84, 0x82,
  0x81, 0x82, 0x7f, 0x7c, 0x7d, 0x7e, 0x80, 0x83, 0x83, 0x81, 0x80, 0x81,
  0x7e, 0x80, 0x80, 0x7e, 0x80, 0x80, 0x7e, 0x81, 0x82, 0x81, 0x82, 0x80,
  0x7e, 0x7e, 0x80, 0x7f, 0x81, 0x81, 0x7e, 0x7f, 0x80, 0x80, 0x83, 0x83,
  0x80, 0x7f, 0x7c, 0x7c, 0x7f, 0x83, 0x83, 0x82, 0x80, 0x7d, 0x80, 0x82,
  0x81, 0x7f, 0x7d, 0x7c, 0x80, 0x83, 0x84, 0x83, 0x82, 0x7f, 0x7d, 0x7e,
  0x7e, 0x7f, 0x81, 0x81, 0x81, 0x82, 0x80, 0x7f, 0x7f, 0x7f, 0x80, 0x80,
  0x80, 0x7f, 0x81, 0x82, 0x81, 0x80, 0x80, 0x7f, 0x80, 0x7f, 0x7e, 0x7f,
  0x80, 0x80, 0x81, 0x82, 0x82, 0x81, 0x7f, 0x7d, 0x7d, 0x7f, 0x80, 0x83,
  0x82, 0x80, 0x80, 0x80, 0x7f, 0x7f, 0x7f, 0x7f, 0x81, 0x82, 0x81, 0x81,
  0x80, 0x7f, 0x80, 0x7f, 0x7f, 0x81, 0x7f, 0x7f, 0x81, 0x80, 0x82, 0x82,
  0x7f, 0x80, 0x7f, 0x7e, 0x7f, 0x80, 0x81, 0x82, 0x82, 0x7f, 0x7f, 0x7f,
  0x7f, 0x80, 0x7f, 0x80, 0x81, 0x81, 0x81, 0x81, 0x80, 0x7f, 0x80, 0x80,
  0x7f, 0x80, 0x7f, 0x7f, 0x80, 0x82, 0x82, 0x81, 0x80, 0x7f, 0x7e, 0x7e,
  0x7f, 0x80, 0x81, 0x82, 0x81, 0x7f, 0x80, 0x80, 0x80, 0x7f, 0x7e, 0x80,
  0x82, 0x81, 0x81, 0x80, 0x7f, 0x80, 0x80, 0x80, 0x80, 0x7f, 0x7e, 0x7f,
  0x7f, 0x81, 0x82, 0x82, 0x81, 0x80, 0x7f, 0x7e, 0x7e, 0x7f, 0x80, 0x81,
  0x80, 0x80, 0x81, 0x82, 0x81, 0x7f, 0x7e, 0x7f, 0x7f, 0x7f, 0x80, 0x81,
  0x81, 0x80, 0x7f, 0x81, 0x81, 0x81, 0x81, 0x80, 0x7f, 0x7f, 0x7f, 0x7f,
  0x7f, 0x80, 0x82, 0x82, 0x81, 0x80, 0x81, 0x80, 0x7f, 0x7e, 0x7e, 0x7f,
  0x80, 0x7f, 0x80, 0x82, 0x82, 0x81, 0x80, 0x80, 0x80, 0x7f, 0x7e, 0x7e,
  0x80, 0x80, 0x82, 0x81, 0x82, 0x81, 0x80, 0x80, 0x7f, 0x7f, 0x7f, 0x7f,
  0x80, 0x80, 0x80, 0x80, 0x7f, 0x80, 0x80, 0x81, 0x81, 0x81, 0x80, 0x80,
  0x80, 0x7f, 0x7e, 0x7f, 0x80, 0x81, 0x81, 0x80, 0x81, 0x82, 0x81, 0x80,
  0x80, 0x80, 0x80, 0x7f, 0x7f, 0x7e, 0x7f, 0x7f, 0x80, 0x80, 0x81, 0x81,
  0x81, 0x80, 0x81, 0x80, 0x81, 0x80, 0x7f, 0x7e, 0x7e, 0x7f, 0x80, 0x81,
  0x81, 0x81, 0x81, 0x81, 0x81, 0x81, 0x80, 0x80, 0x7f, 0x7e, 0x7e, 0x7f,
  0x80, 0x81, 0x81, 0x81, 0x81, 0x81, 0x80, 0x80, 0x80, 0x80, 0x80, 0x7f,
  0x7e, 0x7e, 0x80, 0x81, 0x81, 0x81, 0x82, 0x82, 0x81, 0x7f, 0x7e, 0x7f,
  0x7f, 0x7f, 0x7e, 0x7f, 0x80, 0x81, 0x82, 0x82, 0x82, 0x82, 0x81, 0x7f,
  0x7e, 0x7e, 0x7e, 0x7f, 0x80, 0x80, 0x80, 0x80, 0x81, 0x81, 0x81, 0x81,
  0x81, 0x80, 0x7f, 0x7e, 0x7e, 0x7f, 0x80, 0x80, 0x80, 0x80, 0x80, 0x80,
  0x81, 0x81, 0x82, 0x82, 0x80, 0x80, 0x7f, 0x7e, 0x7f, 0x80, 0x80, 0x80,
  0x80, 0x7f, 0x80, 0x81, 0x81, 0x82, 0x82, 0x80, 0x80, 0x7f, 0x7e, 0x7f,
  0x80, 0x80, 0x80, 0x7f, 0x7f, 0x7f, 0x80, 0x81, 0x82, 0x81, 0x80, 0x80,
  0x7f, 0x7f, 0x80, 0x81, 0x81, 0x80, 0x7f, 0x7f, 0x7f, 0x80, 0x81, 0x81,
  0x81, 0x80, 0x7f, 0x7f, 0x7f, 0x80, 0x80, 0x81, 0x80, 0x7f, 0x7f, 0x7f,
  0x80, 0x81, 0x81, 0x81, 0x80, 0x80, 0x7f, 0x80, 0x80, 0x80, 0x81, 0x80,
  0x80, 0x7f, 0x7f, 0x80, 0x81, 0x81, 0x81, 0x80, 0x80, 0x80, 0x80, 0x80,
  0x80, 0x80, 0x80, 0x80, 0x7f, 0x7f, 0x7f, 0x80, 0x81, 0x81, 0x80, 0x80,
  0x80, 0x80, 0x80, 0x80, 0x80, 0x81, 0x81, 0x80, 0x7f, 0x7f, 0x80, 0x81,
  0x81, 0x80, 0x80, 0x80, 0x80, 0x80, 0x80, 0x80, 0x80, 0x81, 0x80, 0x80,
  0x7f, 0x80, 0x80, 0x81, 0x81, 0x80, 0x80, 0x80, 0x80, 0x80, 0x7f, 0x80,
  0x80, 0x81, 0x80, 0x7f, 0x7f, 0x80, 0x80, 0x81, 0x80, 0x80, 0x80, 0x80,
  0x80, 0x7f, 0x7f, 0x80, 0x81, 0x81, 0x80, 0x80, 0x7f, 0x80, 0x80, 0x81,
  0x80, 0x80, 0x80, 0x80, 0x7f, 0x7f, 0x7f, 0x80, 0x81, 0x81, 0x80, 0x80,
  0x7f, 0x80, 0x80, 0x80, 0x80, 0x80, 0x80, 0x80, 0x7f, 0x7f, 0x80, 0x81,
  0x82, 0x81, 0x80, 0x7f, 0x7f, 0x80, 0x80, 0x80, 0x80, 0x80, 0x7f, 0x7f,
  0x7f, 0x80, 0x80, 0x81, 0x81, 0x81, 0x80, 0x7f, 0x7f, 0x7f, 0x80, 0x80,
  0x80, 0x80, 0x7f, 0x7f, 0x7f, 0x80, 0x80, 0x81, 0x81, 0x81, 0x80, 0x80,
  0x80, 0x80, 0x80, 0x80, 0x80, 0x80, 0x7f, 0x80, 0x7f, 0x80, 0x80, 0x81,
  0x81, 0x81, 0x81, 0x80, 0x80, 0x7f, 0x80, 0x80, 0x80, 0x80, 0x7f, 0x7f,
  0x7f, 0x80, 0x80, 0x81, 0x81, 0x81, 0x81, 0x80, 0x7f, 0x7f, 0x7f, 0x80,
  0x80, 0x80, 0x80, 0x80, 0x80, 0x7f, 0x80, 0x81, 0x81, 0x81, 0x81, 0x80,
  0x80, 0x7f, 0x7f, 0x7f, 0x80, 0x80, 0x80, 0x80, 0x80, 0x7f, 0x7f, 0x80,
  0x80, 0x81, 0x82, 0x81, 0x80, 0x80, 0x7e, 0x7e, 0x7f, 0x80, 0x80, 0x80,
  0x80, 0x80, 0x80, 0x80, 0x80, 0x81, 0x81, 0x82, 0x81, 0x80, 0x7f, 0x7e,
  0x7f, 0x80, 0x80, 0x80, 0x80, 0x81, 0x80, 0x80, 0x80, 0x80, 0x81, 0x81,
  0x81, 0x80, 0x7f, 0x7e, 0x7e, 0x7f, 0x80, 0x80, 0x80, 0x80, 0x80, 0x80,
  0x80, 0x80, 0x81, 0x82, 0x81, 0x81, 0x80, 0x7f, 0x7f, 0x7f, 0x80, 0x80,
  0x80, 0x80, 0x80, 0x80, 0x80, 0x80, 0x81, 0x81, 0x82, 0x81, 0x80, 0x7f,
  0x7f, 0x7f, 0x80, 0x80, 0x80, 0x7f, 0x7f, 0x7f, 0x7f, 0x80, 0x81, 0x81,
  0x81, 0x82, 0x81, 0x80, 0x80, 0x7f, 0x7f, 0x80, 0x80, 0x80, 0x7f, 0x7f,
  0x7e, 0x7f, 0x80, 0x80, 0x81, 0x81, 0x81, 0x81, 0x80, 0x80, 0x80, 0x80,
  0x81, 0x80, 0x81, 0x7f, 0x7f, 0x7f, 0x7f, 0x7f, 0x80, 0x81, 0x81, 0x82,
  0x81, 0x80, 0x7f, 0x7f, 0x7f, 0x7f, 0x81, 0x81, 0x80, 0x80, 0x80, 0x7f,
  0x7f, 0x80, 0x80, 0x81, 0x82, 0x82, 0x82, 0x80, 0x7f, 0x7f, 0x7e, 0x7f,
  0x80, 0x80, 0x81, 0x81, 0x80, 0x80, 0x80, 0x7f, 0x80, 0x80, 0x80, 0x81,
  0x81, 0x81, 0x7f, 0x7f, 0x7f, 0x80, 0x7f, 0x80, 0x81, 0x80, 0x80, 0x80,
  0x80, 0x80, 0x81, 0x81, 0x81, 0x81, 0x81, 0x80, 0x7f, 0x7f, 0x7f, 0x7f,
  0x80, 0x80, 0x80, 0x80, 0x80, 0x7f, 0x80, 0x80, 0x80, 0x80, 0x80, 0x81,
  0x81, 0x81, 0x80, 0x80, 0x7e, 0x7f, 0x7f, 0x7f, 0x80, 0x80, 0x81, 0x80,
  0x80, 0x80, 0x7f, 0x7f, 0x80, 0x81, 0x81, 0x81, 0x82, 0x81, 0x81, 0x80,
  0x80, 0x7f, 0x7f, 0x7f, 0x7e, 0x7f, 0x80, 0x80, 0x80, 0x80, 0x7f, 0x7f,
  0x80, 0x81, 0x82, 0x82, 0x82, 0x82, 0x80, 0x80, 0x80, 0x7f, 0x7e, 0x80,
  0x80, 0x80, 0x81, 0x81, 0x80, 0x7e, 0x7f, 0x7e, 0x7e, 0x7f, 0x7f, 0x80,
  0x81, 0x81, 0x82, 0x81, 0x81, 0x80, 0x7f, 0x80, 0x80, 0x80, 0x80, 0x81,
  0x80, 0x80, 0x80, 0x7f, 0x7f, 0x7f, 0x7f, 0x7f, 0x81, 0x82, 0x81, 0x81,
  0x81, 0x7f, 0x7f, 0x80, 0x7f, 0x80, 0x81, 0x82, 0x81, 0x81, 0x81, 0x7f,
  0x7e, 0x7e, 0x7f, 0x7e, 0x7f, 0x80, 0x7f, 0x80, 0x80, 0x80, 0x7f, 0x80,
  0x80, 0x80, 0x81, 0x82, 0x82, 0x82, 0x82, 0x80, 0x80, 0x7f, 0x7f, 0x7f,
  0x80, 0x81, 0x81, 0x82, 0x81, 0x80, 0x7f, 0x7e, 0x7e, 0x7e, 0x7f, 0x7e,
  0x81, 0x81, 0x81, 0x81, 0x7f, 0x7f, 0x7e, 0x80, 0x80, 0x81, 0x83, 0x82,
  0x81, 0x81, 0x80, 0x7d, 0x7f, 0x7f, 0x80, 0x82, 0x82, 0x82, 0x80, 0x7f,
  0x7e, 0x7d, 0x7f, 0x7f, 0x7e, 0x81, 0x81, 0x7e, 0x80, 0x80, 0x7f, 0x80,
  0x81, 0x82, 0x82, 0x82, 0x82, 0x7f, 0x80, 0x80, 0x7e, 0x81, 0x83, 0x81,
  0x82, 0x83, 0x80, 0x7f, 0x7e, 0x7e, 0x7d, 0x80, 0x81, 0x80, 0x82, 0x81,
  0x7d, 0x7d, 0x7e, 0x7d, 0x7f, 0x80, 0x81, 0x81, 0x81, 0x80, 0x7f, 0x81,
  0x81, 0x81, 0x83, 0x82, 0x80, 0x80, 0x80, 0x80, 0x81, 0x81, 0x82, 0x80,
  0x81, 0x7f, 0x7e, 0x7f, 0x7e, 0x7e, 0x80, 0x80, 0x7f, 0x7e, 0x7e, 0x7e,
  0x7f, 0x81, 0x82, 0x81, 0x82, 0x80, 0x80, 0x81, 0x80, 0x81, 0x83, 0x83,
  0x82, 0x81, 0x7f, 0x7e, 0x7e, 0x7f, 0x7e, 0x80, 0x81, 0x80, 0x81, 0x7f,
  0x7d, 0x7d, 0x7f, 0x81, 0x83, 0x84, 0x84, 0x81, 0x80, 0x7f, 0x7d, 0x7f,
  0x80, 0x81, 0x82, 0x81, 0x7f, 0x7d, 0x7d, 0x7e, 0x7f, 0x81, 0x82, 0x81,
  0x81, 0x80, 0x7f, 0x80, 0x80, 0x80, 0x81, 0x80, 0x7f, 0x7e, 0x7e, 0x7e,
  0x7f, 0x80, 0x80, 0x81, 0x81, 0x80, 0x80, 0x81, 0x82, 0x83, 0x83, 0x82,
  0x81, 0x80, 0x80, 0x7f, 0x7f, 0x7f, 0x7f, 0x7f, 0x7e, 0x7d, 0x7e, 0x7f,
  0x80, 0x82, 0x82, 0x82, 0x81, 0x81, 0x80, 0x80, 0x81, 0x81, 0x80, 0x81,
  0x7f, 0x7e, 0x7f, 0x7e, 0x80, 0x82, 0x82, 0x81, 0x81, 0x80, 0x80, 0x81,
  0x81, 0x80, 0x80, 0x80, 0x7e, 0x7e, 0x7e, 0x7e, 0x80, 0x81, 0x81, 0x80,
  0x81, 0x80, 0x80, 0x81, 0x81, 0x80, 0x81, 0x80, 0x7f, 0x7f, 0x7e, 0x7f,
  0x80, 0x81, 0x80, 0x80, 0x80, 0x80, 0x80, 0x81, 0x81, 0x81, 0x81, 0x80,
  0x7f, 0x7f, 0x7e, 0x7f, 0x80, 0x80, 0x80, 0x81, 0x80, 0x80, 0x81, 0x81,
  0x80, 0x81, 0x80, 0x7f, 0x7f, 0x7f, 0x7e, 0x80, 0x80, 0x80, 0x81, 0x81,
  0x80, 0x81, 0x81, 0x80, 0x80, 0x80, 0x80, 0x80, 0x7f, 0x7e, 0x7f, 0x80,
  0x80, 0x81, 0x81, 0x81, 0x81, 0x80, 0x81, 0x80, 0x80, 0x80, 0x80, 0x7f,
  0x7e, 0x7e, 0x7f, 0x81, 0x81, 0x81, 0x80, 0x80, 0x80, 0x81, 0x81, 0x80,
  0x80, 0x80, 0x7f, 0x7f, 0x7f, 0x7f, 0x80, 0x80, 0x80, 0x80, 0x81, 0x80,
  0x81, 0x80, 0x80, 0x80, 0x80, 0x80, 0x7f, 0x7f, 0x7e, 0x7f, 0x80, 0x81,
  0x81, 0x81, 0x81, 0x80, 0x80, 0x80, 0x80, 0x80, 0x7f, 0x7f, 0x7f, 0x7e,
  0x7f, 0x80, 0x80, 0x81, 0x80, 0x80, 0x80, 0x80, 0x80, 0x7f, 0x7f, 0x7f,
  0x7f, 0x80, 0x80, 0x7f, 0x80, 0x81, 0x82, 0x82, 0x82, 0x81, 0x80, 0x7f,
  0x7e, 0x7f, 0x7f, 0x80, 0x80, 0x80, 0x80, 0x80, 0x82, 0x83, 0x82, 0x81,
  0x80, 0x7e, 0x7e, 0x7f, 0x7f, 0x7f, 0x80, 0x81, 0x81, 0x82, 0x81, 0x81,
  0x80, 0x80, 0x7f, 0x7e, 0x7f, 0x7f, 0x80, 0x81, 0x81, 0x82, 0x82, 0x81,
  0x80, 0x7f, 0x7e, 0x7f, 0x80, 0x80, 0x80, 0x80, 0x80, 0x80, 0x80, 0x80,
  0x80, 0x80, 0x7f, 0x7e, 0x7e, 0x7e, 0x7f, 0x80, 0x80, 0x7f, 0x7f, 0x80,
  0x81, 0x81, 0x81, 0x80, 0x7f, 0x7f, 0x7f, 0x7f, 0x80, 0x80, 0x81, 0x81,
  0x81, 0x80, 0x81, 0x81, 0x80, 0x80, 0x7f, 0x7f, 0x80, 0x80, 0x80, 0x80,
  0x81, 0x82, 0x82, 0x80, 0x80, 0x80, 0x80, 0x7f, 0x7f, 0x7f, 0x7f, 0x81,
  0x81, 0x81, 0x81, 0x81, 0x80, 0x7e, 0x7e, 0x7e, 0x7f, 0x7f, 0x80, 0x80,
  0x81, 0x82, 0x81, 0x81, 0x81, 0x7f, 0x7f, 0x7e, 0x7f, 0x80, 0x81, 0x82,
  0x82, 0x80, 0x7f, 0x7f, 0x7f, 0x80, 0x81, 0x80, 0x81, 0x80, 0x80, 0x80,
  0x80, 0x80, 0x81, 0x81, 0x7f, 0x7f, 0x7f, 0x7f, 0x80, 0x81, 0x80, 0x80,
  0x80, 0x80, 0x80, 0x80, 0x80, 0x80, 0x7f, 0x7f, 0x81, 0x82, 0x82, 0x81,
  0x7e, 0x7d, 0x7f, 0x7f, 0x81, 0x80, 0x7f, 0x80, 0x81, 0x82, 0x81, 0x81,
  0x80, 0x7f, 0x7f, 0x80, 0x81, 0x81, 0x81, 0x80, 0x7f, 0x80, 0x80, 0x80,
  0x80, 0x7f, 0x7e, 0x7f, 0x7f, 0x80, 0x82, 0x82, 0x81, 0x7f, 0x7e, 0x7f,
  0x80, 0x81, 0x81, 0x81, 0x80, 0x80, 0x81, 0x81, 0x80, 0x7f, 0x7e, 0x7e,
  0x80, 0x83, 0x83, 0x82, 0x7f, 0x7e, 0x7f, 0x80, 0x80, 0x80, 0x80, 0x7f,
  0x80, 0x80, 0x80, 0x81, 0x81, 0x81, 0x80, 0x7e, 0x7f, 0x81, 0x81, 0x81,
  0x80, 0x80, 0x80, 0x7f, 0x7f, 0x7f, 0x80, 0x80, 0x80, 0x81, 0x81, 0x81,
  0x7f, 0x7f, 0x7f, 0x80, 0x80, 0x81, 0x81, 0x80, 0x80, 0x81, 0x80, 0x80,
  0x80, 0x7f, 0x7f, 0x7f, 0x80, 0x81, 0x81, 0x81, 0x80, 0x80, 0x80, 0x80,
  0x7f, 0x7f, 0x7f, 0x80, 0x81, 0x82, 0x81, 0x80, 0x7e, 0x7e, 0x80, 0x81,
  0x81, 0x80, 0x7f, 0x80, 0x80, 0x81, 0x81, 0x80, 0x80, 0x80, 0x80, 0x7f,
  0x7f, 0x80, 0x81, 0x81, 0x80, 0x80, 0x80, 0x80, 0x80, 0x80, 0x80, 0x80,
  0x80, 0x80, 0x81, 0x81, 0x80, 0x7f, 0x7f, 0x80, 0x81, 0x81, 0x80, 0x80,
  0x7f, 0x7f, 0x80, 0x80, 0x81, 0x80, 0x80, 0x80, 0x80, 0x80, 0x80, 0x80,
  0x81, 0x80, 0x7f, 0x7f, 0x80, 0x81, 0x81, 0x80, 0x7f, 0x7e, 0x7f, 0x80,
  0x81, 0x81, 0x81, 0x80, 0x7f, 0x80, 0x80, 0x81, 0x81, 0x7f, 0x7f, 0x7f,
  0x80, 0x81, 0x81, 0x80, 0x7f, 0x80, 0x81, 0x80, 0x80, 0x80, 0x7f, 0x80,
  0x80, 0x80, 0x80, 0x80, 0x80, 0x80, 0x80, 0x80, 0x80, 0x80, 0x80, 0x80,
  0x81, 0x81, 0x80, 0x80, 0x80, 0x80, 0x80, 0x80, 0x80, 0x80, 0x80, 0x80,
  0x80, 0x80, 0x80, 0x80, 0x80, 0x80, 0x80, 0x80, 0x81, 0x80, 0x80, 0x80,
  0x80, 0x80, 0x80, 0x80, 0x7f, 0x7f, 0x7f, 0x80, 0x81, 0x80, 0x80, 0x80,
  0x80, 0x80, 0x81, 0x81, 0x80, 0x80, 0x80, 0x7f, 0x80, 0x80, 0x7f, 0x80,
  0x80, 0x80, 0x81, 0x80, 0x80, 0x81, 0x81, 0x80, 0x7f, 0x7f, 0x7f, 0x80,
  0x80, 0x80, 0x81, 0x81, 0x81, 0x81, 0x80, 0x80, 0x7f, 0x7f, 0x7f, 0x7f,
  0x7f, 0x7f, 0x80, 0x81, 0x82, 0x82, 0x81, 0x81, 0x80, 0x7f, 0x7f, 0x7f,
  0x7f, 0x80, 0x80, 0x80, 0x80, 0x80, 0x80, 0x81, 0x81, 0x80, 0x80, 0x80,
  0x80, 0x80, 0x80, 0x7f, 0x7f, 0x80, 0x80, 0x7f, 0x80, 0x80, 0x80, 0x81,
  0x81, 0x81, 0x81, 0x80, 0x7f, 0x7f, 0x7f, 0x7f, 0x80, 0x80, 0x80, 0x81,
  0x80, 0x80, 0x80, 0x80, 0x80, 0x81, 0x80, 0x80, 0x80, 0x7f, 0x7f, 0x7f,
  0x80, 0x80, 0x81, 0x80, 0x80, 0x80, 0x80, 0x81, 0x81, 0x81, 0x80, 0x7f,
  0x7f, 0x7e, 0x80, 0x81, 0x80, 0x80, 0x80, 0x80, 0x80, 0x81, 0x81, 0x80,
  0x80, 0x80, 0x7f, 0x7f, 0x7f, 0x7f, 0x80, 0x80, 0x81, 0x80, 0x80, 0x80,
  0x80, 0x80, 0x80, 0x81, 0x80, 0x7f, 0x7f, 0x7f, 0x7f, 0x80, 0x80, 0x80,
  0x80, 0x80, 0x80, 0x81, 0x81, 0x80, 0x80, 0x81, 0x80, 0x7f, 0x7f, 0x7f,
  0x7f, 0x80, 0x80, 0x80, 0x80, 0x80, 0x80, 0x81, 0x80, 0x80, 0x81, 0x81,
  0x80, 0x80, 0x7f, 0x7f, 0x80, 0x7f, 0x7f, 0x80, 0x80, 0x81, 0x81, 0x81,
  0x80, 0x80, 0x81, 0x80, 0x7f, 0x7f, 0x7f, 0x80, 0x80, 0x7f, 0x7f, 0x80,
  0x81, 0x81, 0x81, 0x80, 0x80, 0x80, 0x80, 0x7f, 0x7f, 0x80, 0x80, 0x80,
  0x80, 0x7f, 0x7f, 0x80, 0x81, 0x81, 0x81, 0x80, 0x80, 0x80, 0x80, 0x7f,
  0x7f, 0x7f, 0x80, 0x81, 0x80, 0x7f, 0x7f, 0x80, 0x81, 0x81, 0x81, 0x80,
  0x80, 0x80, 0x80, 0x7f, 0x7f, 0x7f, 0x80, 0x80, 0x80, 0x7f, 0x80, 0x81,
  0x81, 0x81, 0x81, 0x80, 0x80, 0x80, 0x80, 0x7f, 0x7f, 0x7f, 0x7f, 0x80,
  0x80, 0x80, 0x80, 0x80, 0x80, 0x81, 0x81, 0x80, 0x80, 0x80, 0x7f, 0x7f,
  0x7f, 0x7f, 0x80, 0x81, 0x80, 0x80, 0x80, 0x80, 0x81, 0x81, 0x80, 0x80,
  0x80, 0x80, 0x80, 0x7f, 0x7f, 0x7f, 0x80, 0x80, 0x80, 0x80, 0x80, 0x80,
  0x81, 0x81, 0x81, 0x80, 0x80, 0x7f, 0x7f, 0x7f, 0x7f, 0x80, 0x80, 0x81,
  0x7f, 0x80, 0x80, 0x80, 0x81, 0x81, 0x81, 0x80, 0x80, 0x7f, 0x7f, 0x7f,
  0x7f, 0x80, 0x80, 0x80, 0x7f, 0x80, 0x80, 0x81, 0x82, 0x81, 0x80, 0x80,
  0x7f, 0x7f, 0x80, 0x7f, 0x7f, 0x7e, 0x80, 0x80, 0x7f, 0x81, 0x81, 0x80,
  0x81, 0x80, 0x80, 0x80, 0x80, 0x80, 0x7f, 0x80, 0x7f, 0x7e, 0x80, 0x81,
  0x80, 0x81, 0x81, 0x80, 0x80, 0x81, 0x80, 0x7f, 0x80, 0x81, 0x7e, 0x7f,
  0x7f, 0x7e, 0x7f, 0x81, 0x81, 0x80, 0x82, 0x81, 0x80, 0x81, 0x81, 0x80,
  0x7f, 0x80, 0x7f, 0x7f, 0x7f, 0x7e, 0x7f, 0x80, 0x81, 0x80, 0x81, 0x81,
  0x80, 0x81, 0x81, 0x80, 0x80, 0x80, 0x80, 0x7e, 0x7f, 0x7e, 0x7e, 0x80,
  0x81, 0x81, 0x81, 0x82, 0x81, 0x81, 0x81, 0x80, 0x80, 0x80, 0x80, 0x7f,
  0x7f, 0x7e, 0x7d, 0x7e, 0x81, 0x80, 0x80, 0x82, 0x81, 0x80, 0x82, 0x82,
  0x80, 0x81, 0x81, 0x7f, 0x7f, 0x7f, 0x7e, 0x7d, 0x7e, 0x80, 0x7f, 0x80,
  0x81, 0x80, 0x80, 0x82, 0x83, 0x81, 0x81, 0x81, 0x80, 0x7f, 0x7f, 0x7f,
  0x7f, 0x7f, 0x7f, 0x7f, 0x7f, 0x7f, 0x7f, 0x80, 0x81, 0x82, 0x82, 0x81,
  0x81, 0x80, 0x7f, 0x80, 0x7f, 0x7f, 0x80, 0x80, 0x7f, 0x7f, 0x7f, 0x7f,
  0x7f, 0x81, 0x81, 0x81, 0x81, 0x81, 0x80, 0x80, 0x80, 0x7f, 0x7e, 0x7f,
  0x81, 0x80, 0x80, 0x81, 0x80, 0x7f, 0x80, 0x81, 0x81, 0x80, 0x81, 0x81,
  0x80, 0x81, 0x7f, 0x7e, 0x7e, 0x7f, 0x7f, 0x80, 0x81, 0x80, 0x80, 0x80,
  0x81, 0x81, 0x80, 0x81, 0x80, 0x7f, 0x81, 0x80, 0x7f, 0x7f, 0x80, 0x80,
  0x7f, 0x80, 0x81, 0x80, 0x7f, 0x81, 0x81, 0x81, 0x81, 0x80, 0x80, 0x81,
  0x80, 0x80, 0x80, 0x80, 0x7f, 0x7f, 0x7f, 0x80, 0x80, 0x7f, 0x80, 0x7f,
  0x81, 0x81, 0x82, 0x80, 0x80, 0x82, 0x80, 0x80, 0x81, 0x81, 0x7f, 0x7f,
  0x80, 0x7f, 0x7f, 0x80, 0x7f, 0x7f, 0x80, 0x80, 0x7f, 0x80, 0x80, 0x80,
  0x81, 0x82, 0x82, 0x81, 0x81, 0x80, 0x7f, 0x80, 0x81, 0x7f, 0x7e, 0x80,
  0x7f, 0x7f, 0x80, 0x81, 0x7f, 0x7e, 0x81, 0x7f, 0x80, 0x82, 0x82, 0x81,
  0x81, 0x82, 0x80, 0x80, 0x7f, 0x7f, 0x80, 0x7f, 0x80, 0x81, 0x80, 0x80,
  0x7f, 0x7f, 0x80, 0x7f, 0x7f, 0x7f, 0x7f, 0x80, 0x82, 0x82, 0x82, 0x81,
  0x80, 0x7f, 0x7e, 0x7f, 0x80, 0x80, 0x81, 0x81, 0x80, 0x7f, 0x7f, 0x7d,
  0x7d, 0x7f, 0x80, 0x80, 0x82, 0x83, 0x82, 0x81, 0x82, 0x81, 0x7f, 0x7f,
  0x80, 0x80, 0x81, 0x82, 0x81, 0x80, 0x80, 0x7f, 0x7e, 0x7f, 0x7f, 0x7f,
  0x80, 0x81, 0x80, 0x80, 0x7f, 0x7e, 0x7e, 0x7f, 0x7f, 0x80, 0x81, 0x82,
  0x82, 0x82, 0x82, 0x81, 0x80, 0x7f, 0x7f, 0x80, 0x80, 0x81, 0x80, 0x81,
  0x7f, 0x80, 0x7f, 0x7e, 0x7f, 0x80, 0x81, 0x82, 0x82, 0x7f, 0x7e, 0x7e,
  0x7d, 0x7f, 0x80, 0x81, 0x81, 0x83, 0x82, 0x82, 0x81, 0x80, 0x7e, 0x80,
  0x80, 0x80, 0x80, 0x80, 0x80, 0x7f, 0x80, 0x7f, 0x7f, 0x80, 0x81, 0x81,
  0x80, 0x7f, 0x7e, 0x7e, 0x7f, 0x7f, 0x80, 0x81, 0x81, 0x81, 0x82, 0x80,
  0x80, 0x80, 0x80, 0x80, 0x81, 0x81, 0x81, 0x81, 0x81, 0x81, 0x7f, 0x7f,
  0x80, 0x80, 0x80, 0x81, 0x81, 0x80, 0x7f, 0x80, 0x80, 0x80, 0x80, 0x7f,
  0x7f, 0x80, 0x7f, 0x7f, 0x7f, 0x80, 0x81, 0x81, 0x81, 0x81, 0x80, 0x80,
  0x81, 0x81, 0x81, 0x81, 0x81, 0x81, 0x80, 0x80, 0x7f, 0x7e, 0x7f, 0x80,
  0x80, 0x80, 0x7f, 0x7f, 0x7e, 0x7f, 0x7f, 0x7e, 0x80, 0x81, 0x82, 0x82,
  0x81, 0x80, 0x7f, 0x80, 0x81, 0x81, 0x82, 0x82, 0x81, 0x80, 0x7e, 0x7d,
  0x7d, 0x7e, 0x80, 0x81, 0x81, 0x80, 0x80, 0x7f, 0x7f, 0x80, 0x80, 0x81,
  0x82, 0x82, 0x81, 0x80, 0x7f, 0x7f, 0x80, 0x80, 0x80, 0x80, 0x7f, 0x7f,
  0x7f, 0x80, 0x80, 0x80, 0x81, 0x81, 0x81, 0x81, 0x80, 0x80, 0x81, 0x80,
  0x80, 0x7f, 0x7e, 0x7e, 0x7e, 0x7e, 0x7e, 0x7e, 0x80, 0x80, 0x80, 0x80,
  0x81, 0x81, 0x82, 0x82, 0x82, 0x81, 0x81, 0x80, 0x80, 0x80, 0x7f, 0x7f,
  0x7f, 0x7f, 0x7e, 0x7e, 0x7f, 0x80, 0x81, 0x81, 0x81, 0x81, 0x80, 0x80,
  0x80, 0x80, 0x7f, 0x80, 0x80, 0x7f, 0x7f, 0x7f, 0x80, 0x80, 0x81, 0x82,
  0x81, 0x81, 0x80, 0x80, 0x80, 0x80, 0x80, 0x80, 0x80, 0x7f, 0x7f, 0x7f,
  0x7f, 0x80, 0x81, 0x81, 0x81, 0x81, 0x80, 0x80, 0x80, 0x80, 0x80, 0x80,
  0x80, 0x7f, 0x7f, 0x7f, 0x7f, 0x80, 0x81, 0x80, 0x81, 0x81, 0x81, 0x81,
  0x80, 0x7f, 0x80, 0x80, 0x80, 0x80, 0x7f, 0x7f, 0x7f, 0x80, 0x80, 0x81,
  0x81, 0x80, 0x80, 0x80, 0x80, 0x80, 0x80, 0x80, 0x80, 0x7f, 0x7f, 0x7f,
  0x80, 0x81, 0x81, 0x81, 0x81, 0x81, 0x80, 0x80, 0x80, 0x80, 0x80, 0x80,
  0x7f, 0x80, 0x7f, 0x7f, 0x80, 0x81, 0x81, 0x81, 0x81, 0x80, 0x80, 0x80,
  0x7f, 0x7f, 0x80, 0x80, 0x80, 0x80, 0x7f, 0x80, 0x81, 0x81, 0x81, 0x81,
  0x81, 0x81, 0x80, 0x80, 0x80, 0x80, 0x80, 0x80, 0x7f, 0x7f, 0x7f, 0x80,
  0x81, 0x81, 0x81, 0x81, 0x80, 0x80, 0x80, 0x7f, 0x80, 0x80, 0x80, 0x80,
  0x7f, 0x7f, 0x80, 0x81, 0x81, 0x81, 0x81, 0x81, 0x80, 0x80, 0x7f, 0x7f,
  0x80, 0x80, 0x80, 0x80, 0x80, 0x80, 0x80, 0x81, 0x81, 0x80, 0x80, 0x80,
  0x7f, 0x7f, 0x7f, 0x7f, 0x80, 0x80, 0x80, 0x80, 0x80, 0x80, 0x81, 0x81,
  0x80, 0x7f, 0x7f, 0x7f, 0x7f, 0x7f, 0x7f, 0x80, 0x80, 0x81, 0x81, 0x81,
  0x80, 0x80, 0x80, 0x7f, 0x7f, 0x7f, 0x7f, 0x80, 0x80, 0x81, 0x82, 0x82,
  0x81, 0x81, 0x7f, 0x7f, 0x7f, 0x7f, 0x80, 0x80, 0x80, 0x81, 0x81, 0x81,
  0x81, 0x81, 0x80, 0x80, 0x80, 0x80, 0x7f, 0x80, 0x81, 0x81, 0x81, 0x80,
  0x81, 0x81, 0x80, 0x80, 0x80, 0x80, 0x80, 0x80, 0x7f, 0x7f, 0x7f, 0x80,
  0x80, 0x80, 0x80, 0x80, 0x80, 0x80, 0x80, 0x80, 0x80, 0x80, 0x80, 0x7f,
  0x7f, 0x80, 0x81, 0x80, 0x80, 0x80, 0x80, 0x80, 0x80, 0x7f, 0x7f, 0x80,
  0x80, 0x80, 0x80, 0x80, 0x80, 0x81, 0x81, 0x80, 0x80, 0x80, 0x80, 0x80,
  0x80, 0x81, 0x81, 0x81, 0x80, 0x80, 0x80, 0x7f, 0x7f, 0x80, 0x80, 0x80,
  0x80, 0x81, 0x80, 0x80, 0x80, 0x80, 0x80, 0x80, 0x7f, 0x80, 0x80, 0x80,
  0x80, 0x80, 0x7f, 0x80, 0x80, 0x80, 0x80, 0x80, 0x80, 0x80, 0x80, 0x80,
  0x80, 0x80, 0x81, 0x80, 0x7f, 0x80, 0x80, 0x80, 0x81, 0x80, 0x80, 0x80,
  0x80, 0x80, 0x80, 0x80, 0x80, 0x80, 0x80, 0x80, 0x81, 0x81, 0x80, 0x80,
  0x80, 0x7f, 0x80, 0x80, 0x80, 0x7f, 0x80, 0x80, 0x80, 0x80, 0x7f, 0x7f,
  0x80, 0x7f, 0x7f, 0x80, 0x80, 0x81, 0x81, 0x81, 0x81, 0x80, 0x80, 0x80,
  0x80, 0x80, 0x80, 0x80, 0x80, 0x80, 0x80, 0x80, 0x7f, 0x80, 0x80, 0x80,
  0x80, 0x80, 0x80, 0x80, 0x80, 0x80, 0x80, 0x7f, 0x7f, 0x80, 0x80, 0x81,
  0x81, 0x80, 0x7f, 0x80, 0x80, 0x80, 0x81, 0x81, 0x80, 0x80, 0x80, 0x80,
  0x80, 0x80, 0x80, 0x80, 0x7f, 0x80, 0x81, 0x80, 0x81, 0x80, 0x80, 0x80,
  0x80, 0x80, 0x80, 0x80, 0x80, 0x80, 0x81, 0x80, 0x80, 0x7f, 0x7f, 0x7f,
  0x80, 0x80, 0x80, 0x80, 0x80, 0x80, 0x81, 0x81, 0x80, 0x80, 0x7f, 0x7f,
  0x80, 0x80, 0x80, 0x81, 0x80, 0x80, 0x80, 0x80, 0x80, 0x80, 0x7f, 0x7f,
  0x80, 0x80, 0x81, 0x80, 0x80, 0x7f, 0x80, 0x81, 0x81, 0x80, 0x7f, 0x7f,
  0x80, 0x80, 0x81, 0x81, 0x80, 0x80, 0x80, 0x80, 0x80, 0x7f, 0x80, 0x7f,
  0x80, 0x80, 0x80, 0x81, 0x80, 0x80, 0x80, 0x80, 0x80, 0x80, 0x80, 0x80,
  0x80, 0x80, 0x80, 0x80, 0x80, 0x80, 0x7f, 0x80, 0x80, 0x80, 0x81, 0x80,
  0x80, 0x81, 0x80, 0x80, 0x80, 0x80, 0x7f, 0x80, 0x80, 0x7f, 0x80, 0x80,
  0x80, 0x81, 0x80, 0x81, 0x81, 0x80, 0x80, 0x7f, 0x7f, 0x7f, 0x80, 0x7f,
  0x80, 0x80, 0x80, 0x81, 0x81, 0x80, 0x81, 0x7f, 0x7f, 0x80, 0x7f, 0x80,
  0x80, 0x7f, 0x80, 0x80, 0x80, 0x80, 0x81, 0x80, 0x81, 0x81, 0x7f, 0x80,
  0x80, 0x80, 0x80, 0x80, 0x7f, 0x80, 0x80, 0x80, 0x81, 0x80, 0x80, 0x80,
  0x7f, 0x7f, 0x80, 0x7f, 0x80, 0x80, 0x7f, 0x81, 0x81, 0x80, 0x81, 0x81,
  0x80, 0x80, 0x7f, 0x7f, 0x80, 0x80, 0x7f, 0x7f, 0x7f, 0x80, 0x81, 0x81,
  0x81, 0x81, 0x81, 0x80, 0x80, 0x80, 0x80, 0x80, 0x7f, 0x7f, 0x7f, 0x7f,
  0x80, 0x81, 0x81, 0x81, 0x81, 0x80, 0x80, 0x7f, 0x7e, 0x7f, 0x80, 0x7f,
  0x80, 0x80, 0x80, 0x82, 0x82, 0x81, 0x82, 0x81, 0x80, 0x7f, 0x7d, 0x7e,
  0x7f, 0x7f, 0x7f, 0x80, 0x81, 0x81, 0x82, 0x82, 0x81, 0x81, 0x80, 0x7f,
  0x7e, 0x7e, 0x7e, 0x7f, 0x80, 0x80, 0x81, 0x82, 0x81, 0x81, 0x81, 0x81,
  0x80, 0x80, 0x7f, 0x7e, 0x7e, 0x7f, 0x7f, 0x80, 0x81, 0x81, 0x81, 0x80,
  0x80, 0x81, 0x80, 0x81, 0x80, 0x7f, 0x7f, 0x7f, 0x7f, 0x80, 0x81, 0x80,
  0x80, 0x81, 0x7f, 0x80, 0x81, 0x80, 0x81, 0x81, 0x7f, 0x7f, 0x7f, 0x7e,
  0x80, 0x81, 0x80, 0x81, 0x81, 0x7f, 0x80, 0x81, 0x81, 0x82, 0x81, 0x7f,
  0x7e, 0x7d, 0x7e, 0x80, 0x81, 0x82, 0x81, 0x80, 0x7f, 0x7f, 0x81, 0x81,
  0x82, 0x81, 0x80, 0x7f, 0x7f, 0x7e, 0x80, 0x81, 0x81, 0x81, 0x80, 0x80,
  0x80, 0x81, 0x81, 0x80, 0x81, 0x80, 0x80, 0x7f, 0x7f, 0x7e, 0x7f, 0x81,
  0x81, 0x81, 0x81, 0x80, 0x80, 0x81, 0x81, 0x81, 0x81, 0x80, 0x7f, 0x7f,
  0x7f, 0x7f, 0x80, 0x80, 0x80, 0x80, 0x81, 0x80, 0x80, 0x81, 0x81, 0x80,
  0x81, 0x80, 0x7f, 0x7e, 0x7f, 0x80, 0x81, 0x81, 0x80, 0x80, 0x80, 0x80,
  0x81, 0x81, 0x80, 0x80, 0x80, 0x7f, 0x7f, 0x7f, 0x7f, 0x81, 0x81, 0x80,
  0x80, 0x80, 0x80, 0x81, 0x81, 0x81, 0x80, 0x80, 0x7f, 0x7f, 0x7f, 0x7f,
  0x80, 0x81, 0x81, 0x80, 0x80, 0x80, 0x80, 0x81, 0x81, 0x81, 0x81, 0x7f,
  0x7e, 0x7f, 0x7e, 0x7f, 0x81, 0x81, 0x81, 0x80, 0x80, 0x7f, 0x81, 0x81,
  0x81, 0x81, 0x80, 0x7f, 0x7e, 0x7e, 0x7e, 0x80, 0x82, 0x83, 0x81, 0x80,
  0x7f, 0x7f, 0x80, 0x82, 0x81, 0x81, 0x80, 0x7f, 0x7d, 0x7e, 0x7f, 0x81,
  0x83, 0x82, 0x80, 0x80, 0x7f, 0x7f, 0x81, 0x81, 0x81, 0x81, 0x80, 0x7e,
  0x7e, 0x7e, 0x7f, 0x81, 0x82, 0x81, 0x81, 0x80, 0x7f, 0x80, 0x81, 0x82,
  0x81, 0x81, 0x7f, 0x7e, 0x7e, 0x7e, 0x7f, 0x82, 0x82, 0x81, 0x80, 0x7f,
  0x7f, 0x80, 0x82, 0x82, 0x81, 0x80, 0x7f, 0x7e, 0x7e, 0x7e, 0x7f, 0x82,
  0x81, 0x81, 0x80, 0x7f, 0x7f, 0x81, 0x82, 0x81, 0x81, 0x80, 0x7e, 0x7e,
  0x7f, 0x7f, 0x80, 0x82, 0x81, 0x80, 0x80, 0x7f, 0x7f, 0x81, 0x81, 0x80,
  0x81, 0x80, 0x7f, 0x7e, 0x7e, 0x7e, 0x7f, 0x81, 0x81, 0x81, 0x81, 0x80,
  0x7f, 0x80, 0x80, 0x80, 0x81, 0x80, 0x80, 0x7f, 0x7f, 0x7e, 0x7f, 0x81,
  0x81, 0x82, 0x82, 0x81, 0x7f, 0x80, 0x80, 0x7f, 0x80, 0x80, 0x80, 0x7f,
  0x7f, 0x7e, 0x7e, 0x80, 0x81, 0x81, 0x81, 0x81, 0x80, 0x7f, 0x80, 0x80,
  0x80, 0x80, 0x81, 0x80, 0x7f, 0x7f, 0x7f, 0x7f, 0x81, 0x81, 0x81, 0x81,
  0x80, 0x80, 0x81, 0x81, 0x80, 0x80, 0x80, 0x7f, 0x7e, 0x7e, 0x7e, 0x7f,
  0x81, 0x81, 0x81, 0x81, 0x81, 0x81, 0x81, 0x81, 0x80, 0x80, 0x81, 0x80,
  0x7f, 0x7e, 0x7e, 0x7f, 0x80, 0x81, 0x81, 0x81, 0x81, 0x80, 0x81, 0x81,
  0x80, 0x81, 0x81, 0x80, 0x7f, 0x7f, 0x7e, 0x7e, 0x7f, 0x80, 0x81, 0x81,
  0x81, 0x80, 0x80, 0x82, 0x82, 0x81, 0x81, 0x81, 0x7f, 0x7f, 0x7f, 0x7e,
  0x7e, 0x7f, 0x80, 0x80, 0x80, 0x80, 0x80, 0x81, 0x82, 0x82, 0x82, 0x81,
  0x81, 0x80, 0x80, 0x7f, 0x7f, 0x7e, 0x7f, 0x7f, 0x7f, 0x80, 0x80, 0x7f,
  0x80, 0x81, 0x81, 0x81, 0x82, 0x81, 0x80, 0x80, 0x80, 0x7f, 0x7e, 0x7f,
  0x80, 0x80, 0x80, 0x80, 0x7f, 0x7f, 0x81, 0x81, 0x80, 0x80, 0x81, 0x81,
  0x81, 0x80, 0x7f, 0x7f, 0x7f, 0x7f, 0x80, 0x80, 0x80, 0x80, 0x80, 0x80,
  0x81, 0x81, 0x81, 0x81, 0x80, 0x80, 0x80, 0x80, 0x7f, 0x80, 0x7f, 0x7f,
  0x80, 0x80, 0x80, 0x80, 0x81, 0x81, 0x81, 0x81, 0x81, 0x80, 0x80, 0x80,
  0x80, 0x80, 0x7f, 0x7f, 0x7f, 0x7f, 0x80, 0x80, 0x80, 0x80, 0x80, 0x81,
  0x81, 0x81, 0x80, 0x80, 0x80, 0x80, 0x80, 0x80, 0x80, 0x7f, 0x7f, 0x80,
  0x7f, 0x80, 0x80, 0x80, 0x7f, 0x80, 0x81, 0x81, 0x81, 0x81, 0x81, 0x80,
  0x81, 0x81, 0x80, 0x80, 0x7f, 0x7f, 0x80, 0x7f, 0x7f, 0x7f, 0x7e, 0x7f,
  0x80, 0x80, 0x81, 0x81, 0x81, 0x80, 0x81, 0x81, 0x81, 0x81, 0x81, 0x80,
  0x80, 0x81, 0x80, 0x80, 0x7f, 0x7f, 0x7f, 0x7f, 0x7f, 0x80, 0x80, 0x80,
  0x80, 0x80, 0x80, 0x80, 0x7f, 0x7f, 0x80, 0x81, 0x81, 0x81, 0x81, 0x80,
  0x80, 0x80, 0x80, 0x80, 0x80, 0x80, 0x80, 0x80, 0x81, 0x80, 0x7f, 0x7f,
  0x80, 0x80, 0x80, 0x81, 0x80, 0x81, 0x81, 0x81, 0x80, 0x80, 0x80, 0x7f,
  0x7f, 0x80, 0x80, 0x7f, 0x80, 0x80, 0x7f, 0x80, 0x80, 0x80, 0x7f, 0x7f,
  0x80, 0x80, 0x80, 0x81, 0x80, 0x80, 0x80, 0x80, 0x81, 0x81, 0x81, 0x81,
  0x81, 0x81, 0x81, 0x80, 0x7f, 0x7f, 0x80, 0x80, 0x7f, 0x7f, 0x7f, 0x7f,
  0x80, 0x80, 0x80, 0x80, 0x80, 0x80, 0x80, 0x80, 0x80, 0x80, 0x80, 0x80,
  0x80, 0x81, 0x81, 0x80, 0x80, 0x80, 0x81, 0x81, 0x80, 0x80, 0x80, 0x80,
  0x80, 0x80, 0x80, 0x7f, 0x7f, 0x80, 0x80, 0x80, 0x80, 0x80, 0x80, 0x80,
  0x80, 0x80, 0x80, 0x80, 0x80, 0x80, 0x80, 0x80, 0x80, 0x80, 0x81, 0x80,
  0x81, 0x80, 0x80, 0x80, 0x80, 0x80, 0x80, 0x80, 0x80, 0x80, 0x80, 0x80,
  0x7f, 0x80, 0x80, 0x80, 0x80, 0x7f, 0x7f, 0x80, 0x80, 0x80, 0x80, 0x80,
  0x80, 0x80, 0x81, 0x80, 0x80, 0x81, 0x81, 0x81, 0x80, 0x80, 0x80, 0x80,
  0x80, 0x80, 0x80, 0x80, 0x7f, 0x7f, 0x80, 0x7f, 0x7f, 0x7f, 0x7f, 0x80,
  0x80, 0x80, 0x80, 0x80, 0x80, 0x81, 0x81, 0x81, 0x80, 0x81, 0x81, 0x81,
  0x81, 0x80, 0x80, 0x80, 0x80, 0x80, 0x80, 0x80, 0x7f, 0x7f, 0x7f, 0x80,
  0x80, 0x80, 0x80, 0x80, 0x80, 0x80, 0x80, 0x81, 0x81, 0x81, 0x81, 0x80,
  0x80, 0x80, 0x80, 0x80, 0x7f, 0x80, 0x80, 0x80, 0x7f, 0x7f, 0x80, 0x80,
  0x80, 0x80, 0x80, 0x80, 0x80, 0x81, 0x81, 0x80, 0x80, 0x80, 0x80, 0x80,
  0x7f, 0x7f, 0x7f, 0x80, 0x80, 0x80, 0x80, 0x80, 0x81, 0x81, 0x81, 0x81,
  0x81, 0x81, 0x80, 0x80, 0x80, 0x80, 0x80, 0x80, 0x80, 0x80, 0x7f, 0x7f,
  0x80, 0x80, 0x80, 0x80, 0x80, 0x80, 0x80, 0x80, 0x80, 0x80, 0x80, 0x80,
  0x80, 0x80, 0x80, 0x80, 0x80, 0x80, 0x80, 0x80, 0x80, 0x80, 0x80, 0x80,
  0x80, 0x80, 0x80, 0x80, 0x80, 0x80, 0x7f, 0x80, 0x80, 0x80, 0x80, 0x80,
  0x80, 0x80, 0x80, 0x80, 0x80, 0x80, 0x80, 0x80, 0x80, 0x80, 0x80, 0x80,
  0x80, 0x80, 0x80, 0x80, 0x80, 0x80, 0x80, 0x80, 0x80, 0x80, 0x80, 0x80,
  0x80, 0x80, 0x80, 0x80, 0x80, 0x80, 0x80, 0x80, 0x80, 0x81, 0x80, 0x80,
  0x80, 0x80, 0x80, 0x80, 0x80, 0x80, 0x80, 0x80, 0x80, 0x80, 0x80, 0x80,
  0x80, 0x81, 0x80, 0x80, 0x80, 0x80, 0x80, 0x80, 0x80, 0x80, 0x80, 0x80,
  0x80, 0x80, 0x80, 0x80, 0x81, 0x81, 0x80, 0x80, 0x80, 0x80, 0x80, 0x80,
  0x80, 0x80, 0x80, 0x80, 0x80, 0x80, 0x80, 0x80, 0x81, 0x80, 0x80, 0x80,
  0x80, 0x80, 0x80, 0x7f, 0x7f, 0x7f, 0x80, 0x80, 0x80, 0x80, 0x81, 0x81,
  0x81, 0x81, 0x80, 0x80, 0x80, 0x80, 0x7f, 0x80, 0x80, 0x80, 0x80, 0x80,
  0x80, 0x80, 0x81, 0x81, 0x80, 0x80, 0x80, 0x80, 0x80, 0x80, 0x80, 0x80,
  0x80, 0x7f, 0x80, 0x80, 0x80, 0x80, 0x80, 0x80, 0x80, 0x80, 0x80, 0x80,
  0x80, 0x80, 0x80, 0x80, 0x80, 0x80, 0x80, 0x80, 0x81, 0x80, 0x80, 0x80,
  0x80, 0x80, 0x80, 0x80, 0x80, 0x80, 0x80, 0x80, 0x80, 0x80, 0x80, 0x80,
  0x80, 0x80, 0x7f, 0x7f, 0x7f, 0x80, 0x80, 0x81, 0x81, 0x81, 0x80, 0x80,
  0x7f, 0x7f, 0x80, 0x80, 0x80, 0x80, 0x80, 0x80, 0x80, 0x81, 0x81, 0x81,
  0x80, 0x7f, 0x7f, 0x7f, 0x80, 0x80, 0x80, 0x80, 0x80, 0x80, 0x80, 0x80,
  0x81, 0x81, 0x80, 0x7f, 0x7f, 0x7f, 0x7f, 0x7f, 0x80, 0x80, 0x80, 0x80,
  0x7f, 0x80, 0x80, 0x81, 0x81, 0x80, 0x7f, 0x7f, 0x7f, 0x80, 0x81, 0x81,
  0x80, 0x80, 0x80, 0x80, 0x80, 0x81, 0x80, 0x80, 0x80, 0x7f, 0x7f, 0x80,
  0x81, 0x81, 0x80, 0x80, 0x80, 0x80, 0x80, 0x80, 0x81, 0x80, 0x80, 0x80,
  0x80, 0x7f, 0x80, 0x81, 0x80, 0x7f, 0x80, 0x80, 0x7f, 0x80, 0x81, 0x81,
  0x80, 0x80, 0x80, 0x7f, 0x7f, 0x80, 0x80, 0x7f, 0x80, 0x80, 0x81, 0x80,
  0x81, 0x81, 0x80, 0x80, 0x7f, 0x7f, 0x7f, 0x80, 0x81, 0x81, 0x81, 0x80,
  0x80, 0x80, 0x80, 0x80, 0x80, 0x80, 0x7f, 0x7f, 0x80, 0x81, 0x81, 0x81,
  0x81, 0x7f, 0x7f, 0x7f, 0x7f, 0x80, 0x7f, 0x80, 0x80, 0x81, 0x82, 0x81,
  0x80, 0x7f, 0x7f, 0x7f, 0x7f, 0x80, 0x80, 0x80, 0x81, 0x81, 0x80, 0x80,
  0x80, 0x80, 0x80, 0x80, 0x80, 0x81, 0x81, 0x80, 0x80, 0x80, 0x80, 0x80,
  0x80, 0x80, 0x80, 0x7f, 0x7f, 0x80, 0x80, 0x81, 0x81, 0x81, 0x7f, 0x7f,
  0x7f, 0x7f, 0x80, 0x81, 0x81, 0x80, 0x80, 0x80, 0x80, 0x80, 0x80, 0x7f,
  0x7f, 0x80, 0x81, 0x81, 0x80, 0x80, 0x7f, 0x7f, 0x80, 0x81, 0x81, 0x81,
  0x80, 0x80, 0x80, 0x80, 0x7f, 0x80, 0x80, 0x80, 0x80, 0x80, 0x80, 0x81,
  0x81, 0x80, 0x80, 0x7f, 0x7f, 0x7f, 0x80, 0x80, 0x81, 0x81, 0x80, 0x80,
  0x80, 0x80, 0x7f, 0x7f, 0x80, 0x80, 0x81, 0x81, 0x81, 0x80, 0x80, 0x80,
  0x80, 0x7f, 0x7f, 0x7f, 0x80, 0x80, 0x81, 0x81, 0x81, 0x80, 0x80, 0x7f,
  0x7f, 0x80, 0x80, 0x80, 0x80, 0x81, 0x81, 0x81, 0x80, 0x7f, 0x7f, 0x7f,
  0x80, 0x80, 0x80, 0x80, 0x80, 0x7f, 0x80, 0x81, 0x81, 0x80, 0x7f, 0x7f,
  0x7f, 0x80, 0x81, 0x81, 0x81, 0x81, 0x81, 0x7f, 0x7f, 0x80, 0x7f, 0x7e,
  0x7f, 0x80, 0x81, 0x82, 0x81, 0x80, 0x80, 0x7f, 0x7f, 0x80, 0x81, 0x81,
  0x80, 0x80, 0x80, 0x81, 0x80, 0x80, 0x80, 0x80, 0x80, 0x80, 0x7f, 0x7f,
  0x7f, 0x80, 0x80, 0x81, 0x81, 0x81, 0x80, 0x80, 0x7f, 0x7f, 0x7f, 0x80,
  0x7f, 0x7f, 0x80, 0x80, 0x81, 0x82, 0x82, 0x81, 0x7f, 0x7e, 0x7f, 0x80,
  0x80, 0x80, 0x80, 0x80, 0x81, 0x81, 0x81, 0x81, 0x80, 0x7f, 0x7f, 0x7f,
  0x80, 0x80, 0x80, 0x80, 0x80, 0x80, 0x7f, 0x80, 0x81, 0x81, 0x82, 0x81,
  0x80, 0x7f, 0x7f, 0x80, 0x80, 0x80, 0x80, 0x7f, 0x7f, 0x7f, 0x80, 0x81,
  0x82, 0x81, 0x7f, 0x7f, 0x7f, 0x80, 0x81, 0x81, 0x80, 0x7f, 0x7f, 0x80,
  0x81, 0x82, 0x82, 0x80, 0x7f, 0x7e, 0x7f, 0x81, 0x81, 0x80, 0x7f, 0x7f,
  0x80, 0x81, 0x82, 0x81, 0x81, 0x80, 0x80, 0x7f, 0x7f, 0x7f, 0x7f, 0x80,
  0x80, 0x80, 0x80, 0x80, 0x81, 0x81, 0x81, 0x81, 0x80, 0x7f, 0x7f, 0x7f,
  0x7f, 0x7f, 0x7f, 0x7f, 0x80, 0x81, 0x81, 0x82, 0x81, 0x81, 0x81, 0x80,
  0x7f, 0x7e, 0x7e, 0x7f, 0x7f, 0x7f, 0x80, 0x81, 0x81, 0x82, 0x82, 0x81,
  0x80, 0x80, 0x7f, 0x7f, 0x7f, 0x7f, 0x7f, 0x80, 0x80, 0x80, 0x81, 0x81,
  0x82, 0x81, 0x80, 0x80, 0x80, 0x7f, 0x7f, 0x80, 0x80, 0x80, 0x80, 0x80,
  0x80, 0x81, 0x81, 0x81, 0x81, 0x80, 0x7f, 0x80, 0x7f, 0x7f, 0x80, 0x7f,
  0x80, 0x80, 0x80, 0x80, 0x81, 0x81, 0x82, 0x81, 0x80, 0x80, 0x7f, 0x7f,
  0x80, 0x80, 0x7f, 0x80, 0x7f, 0x80, 0x80, 0x80, 0x81, 0x81, 0x81, 0x7f,
  0x7f, 0x7f, 0x7f, 0x80, 0x80, 0x7f, 0x80, 0x7f, 0x80, 0x80, 0x81, 0x81,
  0x81, 0x81, 0x80, 0x7f, 0x7f, 0x7f, 0x80, 0x80, 0x7f, 0x7f, 0x7f, 0x80,
  0x80, 0x81, 0x81, 0x81, 0x81, 0x80, 0x7f, 0x7f, 0x80, 0x7f, 0x80, 0x7f,
  0x7f, 0x7f, 0x80, 0x80, 0x81, 0x81, 0x81, 0x81, 0x81, 0x80, 0x7f, 0x80,
  0x7f, 0x80, 0x80, 0x7f, 0x7f, 0x80, 0x80, 0x81, 0x81, 0x80, 0x81, 0x81,
  0x80, 0x7f, 0x80, 0x80, 0x80, 0x80, 0x7f, 0x7f, 0x7f, 0x80, 0x81, 0x81,
  0x80, 0x80, 0x81, 0x81, 0x7f, 0x7f, 0x80, 0x7f, 0x80, 0x80, 0x7f, 0x7f,
  0x80, 0x81, 0x81, 0x80, 0x80, 0x81, 0x81, 0x80, 0x7f, 0x80, 0x80, 0x80,
  0x80, 0x7f, 0x7f, 0x80, 0x80, 0x81, 0x81, 0x80, 0x80, 0x81, 0x81, 0x80,
  0x80, 0x80, 0x80, 0x80, 0x7f, 0x7e, 0x7f, 0x80, 0x81, 0x81, 0x80, 0x80,
  0x80, 0x81, 0x81, 0x80, 0x80, 0x80, 0x80, 0x80, 0x7f, 0x7f, 0x80, 0x81,
  0x81, 0x80, 0x80, 0x80, 0x81, 0x81, 0x80, 0x80, 0x80, 0x80, 0x7f, 0x7f,
  0x7f, 0x7f, 0x80, 0x81, 0x81, 0x80, 0x80, 0x80, 0x81, 0x81, 0x80, 0x80,
  0x80, 0x80, 0x80, 0x7f, 0x7e, 0x7f, 0x80, 0x81, 0x81, 0x80, 0x80, 0x80,
  0x81, 0x81, 0x81, 0x80, 0x80, 0x7f, 0x7f, 0x7f, 0x7f, 0x7f, 0x80, 0x81,
  0x80, 0x80, 0x80, 0x80, 0x81, 0x81, 0x81, 0x80, 0x7f, 0x7f, 0x7f, 0x7f,
  0x7f, 0x80, 0x80, 0x81, 0x81, 0x80, 0x80, 0x80, 0x81, 0x81, 0x81, 0x80,
  0x80, 0x7f, 0x7f, 0x7f, 0x7f, 0x80, 0x80, 0x81, 0x81, 0x80, 0x80, 0x80,
  0x81, 0x81, 0x81, 0x80, 0x80, 0x7f, 0x7f, 0x7f, 0x7f, 0x7f, 0x80, 0x81,
  0x81, 0x81, 0x80, 0x80, 0x81, 0x81, 0x80, 0x80, 0x80, 0x7f, 0x7f, 0x7f,
  0x7e, 0x80, 0x80, 0x81, 0x81, 0x81, 0x80, 0x80, 0x81, 0x80, 0x80, 0x80,
  0x80, 0x80, 0x80, 0x7f, 0x7f, 0x7f, 0x80, 0x81, 0x81, 0x81, 0x81, 0x80,
  0x81, 0x80, 0x80, 0x7f, 0x7f, 0x7f, 0x7f, 0x7f, 0x7f, 0x7f, 0x80, 0x81,
  0x81, 0x81, 0x81, 0x81, 0x81, 0x81, 0x80, 0x80, 0x80, 0x7f, 0x7f, 0x7f,
  0x7e, 0x7f, 0x80, 0x81, 0x81, 0x81, 0x81, 0x81, 0x81, 0x81, 0x80, 0x80,
  0x80, 0x7f, 0x7f, 0x7f, 0x7e, 0x7f, 0x7f, 0x80, 0x81, 0x81, 0x81, 0x81,
  0x81, 0x81, 0x82, 0x81, 0x80, 0x80, 0x7f, 0x80, 0x7f, 0x7e, 0x7e, 0x7f,
  0x80, 0x80, 0x80, 0x80, 0x80, 0x80, 0x82, 0x82, 0x81, 0x81, 0x80, 0x80,
  0x80, 0x80, 0x7f, 0x7e, 0x7f, 0x7f, 0x7f, 0x80, 0x7f, 0x7f, 0x80, 0x81,
  0x81, 0x81, 0x81, 0x81, 0x81, 0x81, 0x80, 0x7f, 0x7f, 0x7f, 0x7f, 0x80,
  0x80, 0x7f, 0x7f, 0x80, 0x80, 0x81, 0x81, 0x81, 0x80, 0x80, 0x80, 0x80,
  0x7f, 0x7f, 0x7f, 0x80, 0x80, 0x80, 0x80, 0x80, 0x80, 0x80, 0x81, 0x81,
  0x80, 0x80, 0x80, 0x80, 0x80, 0x80, 0x80, 0x7f, 0x7f, 0x80, 0x80, 0x80,
  0x80, 0x80, 0x80, 0x80, 0x81, 0x81, 0x80, 0x80, 0x80, 0x80, 0x7f, 0x80,
  0x7f, 0x7f, 0x80, 0x80, 0x80, 0x80, 0x80, 0x80, 0x81, 0x81, 0x81, 0x80,
  0x80, 0x80, 0x7f, 0x80, 0x80, 0x80, 0x80, 0x80, 0x80, 0x80, 0x80, 0x80,
  0x80, 0x80, 0x80, 0x81, 0x81, 0x81, 0x80, 0x80, 0x80, 0x80, 0x80, 0x80,
  0x80, 0x80, 0x80, 0x80, 0x7f, 0x7f, 0x7f, 0x7f, 0x80, 0x80, 0x80, 0x80,
  0x80, 0x80, 0x80, 0x81, 0x81, 0x81, 0x81, 0x80, 0x80, 0x80, 0x80, 0x7f,
  0x7f, 0x7f, 0x7f, 0x7f, 0x80, 0x80, 0x80, 0x80, 0x80, 0x80, 0x80, 0x80,
  0x80, 0x80, 0x81, 0x81, 0x81, 0x81, 0x80, 0x80, 0x7f, 0x7f, 0x80, 0x80,
  0x80, 0x80, 0x80, 0x80, 0x80, 0x80, 0x80, 0x80, 0x80, 0x80, 0x80, 0x80,
  0x81, 0x80, 0x80, 0x80, 0x80, 0x80, 0x80, 0x80, 0x80, 0x80, 0x80, 0x80,
  0x80, 0x80, 0x7f, 0x80, 0x80, 0x80, 0x81, 0x81, 0x80, 0x81, 0x81, 0x81,
  0x81, 0x80, 0x80, 0x80, 0x80, 0x80, 0x80, 0x80, 0x80, 0x7f, 0x7f, 0x7f,
  0x80, 0x80, 0x7f, 0x7f, 0x7f, 0x80, 0x80, 0x7f, 0x80, 0x80, 0x80, 0x80,
  0x81, 0x81, 0x81, 0x81, 0x81, 0x81, 0x80, 0x80, 0x80, 0x80, 0x80, 0x80,
  0x80, 0x80, 0x7f, 0x80, 0x80, 0x80, 0x80, 0x7f, 0x80, 0x80, 0x80, 0x80,
  0x80, 0x80, 0x80, 0x80, 0x80, 0x80, 0x80, 0x80, 0x80, 0x81, 0x81, 0x80,
  0x80, 0x80, 0x80, 0x80, 0x80, 0x80, 0x80, 0x80, 0x80, 0x80, 0x7f, 0x80,
  0x80, 0x80, 0x80, 0x80, 0x7f, 0x7f, 0x80, 0x80, 0x80, 0x80, 0x80, 0x80,
  0x81, 0x81, 0x80, 0x80, 0x80, 0x80, 0x81, 0x81, 0x80, 0x80, 0x80, 0x80,
  0x80, 0x80, 0x80, 0x80, 0x80, 0x80, 0x80, 0x80, 0x7f, 0x7f, 0x80, 0x80,
  0x7f, 0x7f, 0x80, 0x80, 0x80, 0x80, 0x80, 0x80, 0x81, 0x81, 0x81, 0x81,
  0x80, 0x80, 0x80, 0x81, 0x80, 0x80, 0x80, 0x80, 0x80, 0x80, 0x80, 0x80,
  0x80, 0x80, 0x80, 0x80, 0x7f, 0x7f, 0x80, 0x80, 0x80, 0x80, 0x80, 0x80,
  0x80, 0x80, 0x80, 0x80, 0x80, 0x80, 0x81, 0x80, 0x80, 0x80, 0x80, 0x80,
  0x80, 0x80, 0x80, 0x80, 0x80, 0x80, 0x80, 0x80, 0x80, 0x80, 0x81, 0x81,
  0x80, 0x80, 0x80, 0x80, 0x80, 0x80, 0x80, 0x80, 0x80, 0x80, 0x80, 0x80,
  0x80, 0x80, 0x80, 0x80, 0x80, 0x80, 0x80, 0x80, 0x80, 0x80, 0x80, 0x80,
  0x80, 0x80, 0x7f, 0x7f, 0x7f, 0x7f, 0x7f, 0x80, 0x80, 0x80, 0x80, 0x80,
  0x81, 0x81, 0x81, 0x81, 0x81, 0x80, 0x80, 0x80, 0x80, 0x80, 0x7f, 0x7f,
  0x7f, 0x7f, 0x80, 0x80, 0x80, 0x80, 0x80, 0x81, 0x81, 0x81, 0x81, 0x81,
  0x81, 0x81, 0x80, 0x80, 0x80, 0x7f, 0x80, 0x80, 0x80, 0x80, 0x80, 0x80,
  0x81, 0x81, 0x80, 0x80, 0x80, 0x80, 0x80, 0x7f, 0x7f, 0x7f, 0x7f, 0x80,
  0x80, 0x80, 0x80, 0x81, 0x81, 0x80, 0x80, 0x80, 0x80, 0x80, 0x80, 0x7f,
  0x7f, 0x7f, 0x80, 0x80, 0x80, 0x80, 0x80, 0x80, 0x80, 0x80, 0x80, 0x80,
  0x80, 0x80, 0x7f, 0x7f, 0x7f, 0x80, 0x80, 0x80, 0x80, 0x80, 0x80, 0x81,
  0x80, 0x81, 0x81, 0x80, 0x80, 0x80, 0x7f, 0x7f, 0x7f, 0x80, 0x80, 0x80,
  0x80, 0x80, 0x81, 0x81, 0x81, 0x81, 0x80, 0x80, 0x80, 0x80, 0x7f, 0x7f,
  0x80, 0x80, 0x80, 0x80, 0x80, 0x80, 0x81, 0x81, 0x81, 0x80, 0x80, 0x80,
  0x80, 0x7f, 0x7f, 0x80, 0x80, 0x80, 0x80, 0x80, 0x80, 0x81, 0x81, 0x81,
  0x80, 0x80, 0x80, 0x80, 0x80, 0x7f, 0x80, 0x80, 0x80, 0x80, 0x80, 0x80,
  0x80, 0x81, 0x81, 0x80, 0x80, 0x80, 0x80, 0x80, 0x80, 0x80, 0x80, 0x80,
  0x80, 0x80, 0x80, 0x81, 0x81, 0x80, 0x80, 0x80, 0x80, 0x7f, 0x7f, 0x7f,
  0x80, 0x80, 0x80, 0x80, 0x80, 0x81, 0x81, 0x81, 0x80, 0x80, 0x80, 0x7f,
  0x7f, 0x7f, 0x7f, 0x7f, 0x80, 0x80, 0x80, 0x81, 0x81, 0x81, 0x81, 0x81,
  0x80, 0x7f, 0x7f, 0x7f, 0x7f, 0x7f, 0x80, 0x80, 0x81, 0x81, 0x81, 0x81,
  0x81, 0x80, 0x7f, 0x7f, 0x7f, 0x7f, 0x7f, 0x80, 0x81, 0x81, 0x82, 0x81,
  0x81, 0x80, 0x80, 0x7f, 0x7f, 0x7e, 0x7f, 0x80, 0x80, 0x81, 0x81, 0x81,
  0x81, 0x80, 0x80, 0x7f, 0x7f, 0x7f, 0x80, 0x80, 0x80, 0x81, 0x81, 0x81,
  0x81, 0x81, 0x81, 0x80, 0x80, 0x80, 0x7f, 0x7f, 0x7f, 0x7f, 0x80, 0x80,
  0x80, 0x81, 0x81, 0x80, 0x80, 0x80, 0x80, 0x7f, 0x7f, 0x7f, 0x7f, 0x7f,
  0x80, 0x80, 0x81, 0x80, 0x80, 0x80, 0x80, 0x80, 0x7f, 0x7f, 0x7f, 0x80,
  0x80, 0x80, 0x81, 0x81, 0x80, 0x80, 0x80, 0x7f, 0x7f, 0x7f, 0x7f, 0x80,
  0x81, 0x81, 0x81, 0x82, 0x81, 0x80, 0x7f, 0x7f, 0x7e, 0x7f, 0x7f, 0x80,
  0x81, 0x81, 0x81, 0x81, 0x80, 0x7f, 0x7f, 0x7e, 0x7f, 0x80, 0x81, 0x81,
  0x81, 0x81, 0x80, 0x7f, 0x7f, 0x7f, 0x80, 0x80, 0x80, 0x80, 0x80, 0x7f,
  0x80, 0x80, 0x81, 0x81, 0x80, 0x7f, 0x7f, 0x7f, 0x80, 0x81, 0x81, 0x81,
  0x81, 0x80, 0x80, 0x80, 0x80, 0x7f, 0x7f, 0x7f, 0x80, 0x81, 0x82, 0x82,
  0x81, 0x80, 0x7f, 0x7f, 0x7f, 0x7f, 0x7f, 0x80, 0x80, 0x81, 0x81, 0x80,
  0x80, 0x80, 0x80, 0x80, 0x80, 0x80, 0x81, 0x81, 0x80, 0x80, 0x80, 0x80,
  0x80, 0x80, 0x80, 0x7f, 0x7f, 0x80, 0x80, 0x81, 0x82, 0x81, 0x7f, 0x7f,
  0x7f, 0x7f, 0x80, 0x81, 0x81, 0x80, 0x80, 0x80, 0x80, 0x80, 0x7f, 0x7f,
  0x7f, 0x81, 0x81, 0x81, 0x80, 0x7f, 0x7f, 0x7f, 0x7f, 0x80, 0x80, 0x80,
  0x80, 0x80, 0x80, 0x80, 0x81, 0x80, 0x80, 0x7f, 0x7f, 0x7f, 0x80, 0x81,
  0x81, 0x80, 0x80, 0x7f, 0x7f, 0x7f, 0x81, 0x80, 0x80, 0x80, 0x81, 0x81,
  0x80, 0x7f, 0x7f, 0x7f, 0x80, 0x80, 0x81, 0x80, 0x80, 0x81, 0x81, 0x81,
  0x80, 0x7f, 0x7f, 0x7f, 0x80, 0x80, 0x81, 0x81, 0x81, 0x80, 0x7f, 0x7f,
  0x7f, 0x7f, 0x7f, 0x80, 0x81, 0x81, 0x81, 0x80, 0x80, 0x7f, 0x7f, 0x80,
  0x80, 0x80, 0x7f, 0x7f, 0x80, 0x81, 0x81, 0x81, 0x80, 0x80, 0x7f, 0x7f,
  0x7f, 0x7f, 0x80, 0x81, 0x81, 0x81, 0x81, 0x81, 0x80, 0x7f, 0x7f, 0x7f,
  0x80, 0x80, 0x80, 0x80, 0x80, 0x80, 0x80, 0x80, 0x80, 0x80, 0x80, 0x80,
  0x81, 0x7f, 0x7f, 0x7f, 0x80, 0x81, 0x81, 0x81, 0x81, 0x80, 0x7f, 0x7f,
  0x7f, 0x7f, 0x80, 0x80, 0x80, 0x80, 0x80, 0x81, 0x81, 0x81, 0x80, 0x7f,
  0x7e, 0x7f, 0x7f, 0x80, 0x81, 0x80, 0x80, 0x81, 0x81, 0x81, 0x80, 0x7f,
  0x7f, 0x7f, 0x7f, 0x80, 0x81, 0x80, 0x80, 0x81, 0x81, 0x80, 0x80, 0x80,
  0x80, 0x80, 0x80, 0x80, 0x7f, 0x7f, 0x80, 0x7f, 0x80, 0x80, 0x80, 0x81,
  0x81, 0x80, 0x80, 0x80, 0x80, 0x80, 0x80, 0x7f, 0x80, 0x7f, 0x7f, 0x80,
  0x80, 0x80, 0x81, 0x80, 0x80, 0x80, 0x7f, 0x7f, 0x80, 0x7f, 0x80, 0x80,
  0x80, 0x81, 0x81, 0x81, 0x81, 0x81, 0x80, 0x80, 0x80, 0x7f, 0x7f, 0x7f,
  0x7f, 0x80, 0x80, 0x80, 0x81, 0x81, 0x81, 0x81, 0x80, 0x80, 0x80, 0x7f,
  0x7f, 0x7f, 0x7f, 0x80, 0x80, 0x80, 0x81, 0x81, 0x81, 0x81, 0x80, 0x7f,
  0x7f, 0x7f, 0x7f, 0x7f, 0x7f, 0x80, 0x81, 0x81, 0x81, 0x82, 0x81, 0x81,
  0x80, 0x7f, 0x7f, 0x7f, 0x7f, 0x80, 0x80, 0x80, 0x80, 0x81, 0x81, 0x81,
  0x81, 0x80, 0x80, 0x7f, 0x7f, 0x7f, 0x7f, 0x7f, 0x80, 0x80, 0x80, 0x80,
  0x81, 0x81, 0x81, 0x81, 0x80, 0x80, 0x7f, 0x7f, 0x7f, 0x80, 0x80, 0x80,
  0x80, 0x80, 0x80, 0x80, 0x81, 0x81, 0x81, 0x80, 0x80, 0x7f, 0x7f, 0x7f,
  0x80, 0x80, 0x80, 0x80, 0x80, 0x80, 0x80, 0x81, 0x81, 0x81, 0x80, 0x80,
  0x7f, 0x7f, 0x80, 0x80, 0x80, 0x80, 0x7f, 0x7f, 0x80, 0x80, 0x81, 0x81,
  0x81, 0x80, 0x80, 0x80, 0x80, 0x80, 0x80, 0x7f, 0x7f, 0x7f, 0x7f, 0x80,
  0x80, 0x81, 0x81, 0x80, 0x80, 0x80, 0x80, 0x80, 0x80, 0x80, 0x80, 0x7f,
  0x7f, 0x7f, 0x80, 0x81, 0x81, 0x81, 0x80, 0x80, 0x80, 0x80, 0x80, 0x80,
  0x80, 0x80, 0x7f, 0x7f, 0x7f, 0x80, 0x81, 0x81, 0x81, 0x81, 0x80, 0x80,
  0x80, 0x80, 0x80, 0x80, 0x80, 0x7f, 0x7f, 0x7f, 0x80, 0x80, 0x81, 0x81,
  0x81, 0x80, 0x80, 0x80, 0x80, 0x80, 0x80, 0x80, 0x7f, 0x7f, 0x7f, 0x7f,
  0x80, 0x81, 0x81, 0x81, 0x81, 0x80, 0x80, 0x80, 0x80, 0x80, 0x80, 0x80,
  0x7f, 0x7f, 0x7f, 0x80, 0x80, 0x81, 0x81, 0x81, 0x80, 0x80, 0x81, 0x80,
  0x80, 0x80, 0x80, 0x80, 0x7f, 0x7f, 0x80, 0x80, 0x80, 0x81, 0x81, 0x80,
  0x80, 0x80, 0x80, 0x80, 0x80, 0x80, 0x80, 0x7f, 0x7f, 0x7f, 0x80, 0x81,
  0x81, 0x81, 0x80, 0x80, 0x80, 0x80, 0x80, 0x80, 0x80, 0x7f, 0x7f, 0x7f,
  0x7f, 0x80, 0x80, 0x81, 0x81, 0x81, 0x80, 0x81, 0x81, 0x80, 0x80, 0x80,
  0x80, 0x80, 0x7f, 0x7f, 0x7f, 0x80, 0x80, 0x81, 0x81, 0x80, 0x80, 0x81,
  0x81, 0x80, 0x80, 0x80, 0x80, 0x7f, 0x7f, 0x7f, 0x7f, 0x80, 0x80, 0x81,
  0x81, 0x80, 0x80, 0x81, 0x81, 0x80, 0x80, 0x80, 0x80, 0x7f, 0x7f, 0x7f,
  0x80, 0x80, 0x81, 0x81, 0x80, 0x80, 0x80, 0x80, 0x80, 0x80, 0x80, 0x80,
  0x7f, 0x7f, 0x7f, 0x7f, 0x80, 0x80, 0x81, 0x81, 0x80, 0x80, 0x80, 0x80,
  0x80, 0x80, 0x80, 0x80, 0x7f, 0x7f, 0x80, 0x7f, 0x80, 0x81, 0x81, 0x81,
  0x80, 0x80, 0x80, 0x80, 0x80, 0x80, 0x7f, 0x80, 0x80, 0x7f, 0x7f, 0x7f,
  0x80, 0x81, 0x81, 0x81, 0x81, 0x80, 0x80, 0x80, 0x80, 0x80, 0x80, 0x80,
  0x80, 0x7f, 0x80, 0x80, 0x80, 0x80, 0x80, 0x81, 0x80, 0x80, 0x80, 0x80,
  0x80, 0x80, 0x80, 0x80, 0x80, 0x80, 0x80, 0x80, 0x80, 0x80, 0x80, 0x81,
  0x80, 0x80, 0x80, 0x80, 0x80, 0x80, 0x80, 0x80, 0x80, 0x80, 0x80, 0x80,
  0x80, 0x80, 0x80, 0x81, 0x81, 0x81, 0x81, 0x80, 0x80, 0x80, 0x80, 0x80,
  0x80, 0x7f, 0x7f, 0x7f, 0x7f, 0x80, 0x80, 0x81, 0x81, 0x81, 0x81, 0x81,
  0x81, 0x81, 0x80, 0x80, 0x80, 0x80, 0x7f, 0x7f, 0x7f, 0x7f, 0x7f, 0x80,
  0x80, 0x81, 0x81, 0x81, 0x81, 0x81, 0x81, 0x81, 0x80, 0x80, 0x80, 0x80,
  0x7f, 0x7f, 0x7f, 0x7f, 0x7f, 0x80, 0x80, 0x80, 0x80, 0x80, 0x81, 0x81,
  0x81, 0x81, 0x81, 0x80, 0x80, 0x80, 0x7f, 0x7f, 0x7f, 0x7f, 0x80, 0x7f,
  0x80, 0x80, 0x80, 0x80, 0x80, 0x80, 0x81, 0x81, 0x81, 0x81, 0x80, 0x80,
  0x80, 0x80, 0x80, 0x80, 0x80, 0x81, 0x81, 0x81, 0x81, 0x80, 0x80, 0x80,
  0x80, 0x80, 0x80, 0x80, 0x7f, 0x7f, 0x7f, 0x7f, 0x7f, 0x80, 0x80, 0x80,
  0x81, 0x81, 0x81, 0x80, 0x80, 0x80, 0x80, 0x80, 0x80, 0x80, 0x80, 0x7f,
  0x7f, 0x80, 0x80, 0x80, 0x80, 0x81, 0x81, 0x80, 0x80, 0x80, 0x80, 0x80,
  0x80, 0x80, 0x80, 0x80, 0x80, 0x7f, 0x7f, 0x7f, 0x80, 0x80, 0x80, 0x80,
  0x80, 0x81, 0x80, 0x80, 0x80, 0x80, 0x80, 0x80, 0x81, 0x80, 0x80, 0x80,
  0x7f, 0x7f, 0x80, 0x80, 0x80, 0x80, 0x81, 0x81, 0x81, 0x81, 0x80, 0x80,
  0x80, 0x80, 0x80, 0x80, 0x80, 0x80, 0x80, 0x80, 0x80, 0x80, 0x80, 0x80,
  0x80, 0x80, 0x81, 0x81, 0x80, 0x80, 0x80, 0x80, 0x80, 0x81, 0x81, 0x80,
  0x80, 0x80, 0x7f, 0x7f, 0x7f, 0x7f, 0x7f, 0x80, 0x80, 0x80, 0x80, 0x80,
  0x80, 0x80, 0x80, 0x80, 0x80, 0x80, 0x80, 0x80, 0x80, 0x80, 0x80, 0x80,
  0x80, 0x80, 0x80, 0x80, 0x80, 0x80, 0x80, 0x7f, 0x80, 0x80, 0x80, 0x80,
  0x80, 0x80, 0x80, 0x80, 0x80, 0x80, 0x80, 0x80, 0x80, 0x80, 0x80, 0x80,
  0x80, 0x80, 0x80, 0x80, 0x80, 0x80, 0x7f, 0x80, 0x80, 0x80, 0x80, 0x81,
  0x80, 0x80, 0x80, 0x80, 0x80, 0x80, 0x80, 0x81, 0x81, 0x81, 0x81, 0x80,
  0x80, 0x80, 0x80, 0x80, 0x80, 0x80, 0x80, 0x80, 0x80, 0x80, 0x7f, 0x7f,
  0x7f, 0x80, 0x80, 0x80, 0x80, 0x80, 0x80, 0x80, 0x80, 0x80, 0x80, 0x80,
  0x80, 0x80, 0x80, 0x80, 0x80, 0x80, 0x80, 0x80, 0x80, 0x80, 0x80, 0x80,
  0x80, 0x80, 0x80, 0x80, 0x80, 0x7f, 0x80, 0x80, 0x80, 0x81, 0x80, 0x80,
  0x80, 0x80, 0x80, 0x80, 0x81, 0x80, 0x81, 0x80, 0x80, 0x80, 0x80, 0x80,
  0x80, 0x80, 0x80, 0x80, 0x80, 0x80, 0x7f, 0x7f, 0x7f, 0x7f, 0x80, 0x80,
  0x80, 0x80, 0x80, 0x80, 0x80, 0x7f, 0x80, 0x80, 0x80, 0x81, 0x81, 0x81,
  0x80, 0x80, 0x80, 0x80, 0x81, 0x81, 0x81, 0x81, 0x80, 0x80, 0x80, 0x80,
  0x80, 0x80, 0x80, 0x80, 0x7f, 0x7f, 0x7f, 0x80, 0x80, 0x80, 0x80, 0x80,
  0x80, 0x80, 0x80, 0x80, 0x80, 0x81, 0x81, 0x81, 0x80, 0x80, 0x80, 0x80,
  0x80, 0x80, 0x80, 0x80, 0x80, 0x7f, 0x7f, 0x7f, 0x7f, 0x7f, 0x80, 0x80,
  0x80, 0x80, 0x80, 0x80, 0x80, 0x80, 0x81, 0x81, 0x81, 0x81, 0x81, 0x80,
  0x80, 0x7f, 0x7f, 0x7f, 0x80, 0x80, 0x80, 0x80, 0x80, 0x80, 0x80, 0x80,
  0x81, 0x81, 0x81, 0x81, 0x81, 0x80, 0x80, 0x80, 0x80, 0x80, 0x80, 0x80,
  0x80, 0x80, 0x80, 0x80, 0x80, 0x81, 0x81, 0x81, 0x81, 0x81, 0x81, 0x81,
  0x80, 0x80, 0x80, 0x80, 0x80, 0x7f, 0x7f, 0x7f, 0x7f, 0x7f, 0x7f, 0x7f,
  0x80, 0x80, 0x80, 0x81, 0x81, 0x81, 0x81, 0x81, 0x81, 0x80, 0x80, 0x80,
  0x80, 0x7f, 0x7f, 0x7f, 0x7f, 0x80, 0x80, 0x80, 0x80, 0x80, 0x80, 0x81,
  0x81, 0x80, 0x80, 0x80, 0x80, 0x80, 0x80, 0x80, 0x80, 0x80, 0x80, 0x80,
  0x80, 0x80, 0x80, 0x80, 0x80, 0x80, 0x80, 0x80, 0x80, 0x80, 0x80, 0x80,
  0x80, 0x80, 0x80, 0x80, 0x80, 0x80, 0x81, 0x81, 0x81, 0x80, 0x80, 0x80,
  0x7f, 0x7f, 0x80, 0x7f, 0x80, 0x80, 0x80, 0x80, 0x80, 0x80, 0x81, 0x81,
  0x81, 0x80, 0x80, 0x80, 0x80, 0x80, 0x80, 0x80, 0x80, 0x80, 0x80, 0x80,
  0x80, 0x80, 0x81, 0x81, 0x80, 0x80, 0x80, 0x80, 0x80, 0x7f, 0x7f, 0x80,
  0x80, 0x80, 0x80, 0x80, 0x80, 0x80, 0x81, 0x81, 0x81, 0x80, 0x80, 0x80,
  0x80, 0x80, 0x80, 0x80, 0x80, 0x80, 0x80, 0x80, 0x80, 0x80, 0x80, 0x80,
  0x80, 0x80, 0x80, 0x80, 0x80, 0x80, 0x80, 0x80, 0x80, 0x80, 0x80, 0x80,
  0x80, 0x81, 0x80, 0x80, 0x80, 0x80, 0x7f, 0x7f, 0x7f, 0x80, 0x80, 0x80,
  0x80, 0x80, 0x80, 0x80, 0x81, 0x81, 0x80, 0x80, 0x80, 0x80, 0x7f, 0x7f,
  0x7f, 0x80, 0x80, 0x80, 0x80, 0x80, 0x80, 0x80, 0x81, 0x80, 0x80, 0x80,
  0x7f, 0x7f, 0x7f, 0x80, 0x80, 0x81, 0x81, 0x81, 0x81, 0x81, 0x80, 0x80,
  0x80, 0x80, 0x7f, 0x7f, 0x7f, 0x7f, 0x80, 0x80, 0x81, 0x81, 0x81, 0x81,
  0x81, 0x80, 0x80, 0x80, 0x7f, 0x7f, 0x7f, 0x7f, 0x80, 0x80, 0x81, 0x81,
  0x82, 0x81, 0x80, 0x7f, 0x7f, 0x7e, 0x7f, 0x7f, 0x80, 0x80, 0x81, 0x81,
  0x81, 0x81, 0x80, 0x80, 0x7f, 0x7e, 0x7e, 0x7f, 0x80, 0x81, 0x81, 0x81,
  0x81, 0x80, 0x7f, 0x7f, 0x7f, 0x80, 0x80, 0x80, 0x80, 0x80, 0x80, 0x81,
  0x81, 0x81, 0x81, 0x80, 0x80, 0x80, 0x80, 0x81, 0x80, 0x80, 0x7f, 0x80,
  0x80, 0x80, 0x81, 0x81, 0x80, 0x80, 0x7f, 0x80, 0x80, 0x80, 0x80, 0x80,
  0x7f, 0x80, 0x80, 0x80, 0x80, 0x80, 0x80, 0x80, 0x80, 0x80, 0x80, 0x80,
  0x80, 0x80, 0x80, 0x80, 0x80, 0x80, 0x80, 0x7f, 0x7f, 0x7f, 0x7f, 0x80,
  0x80, 0x81, 0x81, 0x81, 0x80, 0x80, 0x80, 0x7f, 0x7f, 0x80, 0x80, 0x80,
  0x81, 0x81, 0x81, 0x81, 0x80, 0x80, 0x80, 0x7f, 0x80, 0x80, 0x80, 0x81,
  0x81, 0x80, 0x80, 0x80, 0x7f, 0x80, 0x80, 0x80, 0x80, 0x80, 0x7f, 0x80,
  0x80, 0x80, 0x81, 0x80, 0x80, 0x80, 0x80, 0x80, 0x80, 0x80, 0x80, 0x80,
  0x81, 0x81, 0x81, 0x80, 0x7f, 0x7f, 0x7f, 0x80, 0x80, 0x81, 0x80, 0x81,
  0x81, 0x81, 0x80, 0x80, 0x7f, 0x7f, 0x80, 0x80, 0x80, 0x80, 0x80, 0x80,
  0x80, 0x7f, 0x7f, 0x80, 0x80, 0x80, 0x80, 0x80, 0x80, 0x81, 0x80, 0x80,
  0x80, 0x80, 0x7f, 0x7f, 0x7f, 0x80, 0x81, 0x81, 0x81, 0x81, 0x80, 0x80,
  0x7f, 0x7f, 0x7f, 0x80, 0x81, 0x81, 0x81, 0x80, 0x80, 0x7f, 0x7f, 0x7f,
  0x80, 0x81, 0x81, 0x81, 0x80, 0x80, 0x80, 0x7f, 0x7f, 0x80, 0x80, 0x80,
  0x80, 0x80, 0x81, 0x81, 0x80, 0x80, 0x7f, 0x7f, 0x80, 0x80, 0x81, 0x82,
  0x81, 0x80, 0x7f, 0x7f, 0x7f, 0x7f, 0x7f, 0x80, 0x81, 0x81, 0x81, 0x81,
  0x80, 0x80, 0x80, 0x7f, 0x7f, 0x7f, 0x7f, 0x80, 0x81, 0x82, 0x82, 0x81,
  0x80, 0x7f, 0x7e, 0x7f, 0x7f, 0x80, 0x81, 0x81, 0x81, 0x81, 0x80, 0x80,
  0x80, 0x7f, 0x7f, 0x80, 0x81, 0x81, 0x80, 0x80, 0x80, 0x80, 0x81, 0x81,
  0x80, 0x7f, 0x7e, 0x7f, 0x7f, 0x80, 0x81, 0x81, 0x81, 0x80, 0x80, 0x7f,
  0x7f, 0x7f, 0x80, 0x80, 0x80, 0x81, 0x81, 0x81, 0x81, 0x7f, 0x7f, 0x7f,
  0x80, 0x80, 0x80, 0x80, 0x80, 0x80, 0x80, 0x81, 0x81, 0x80, 0x80, 0x80,
  0x80, 0x7f, 0x7f, 0x7f, 0x7f, 0x80, 0x81, 0x81, 0x81, 0x81, 0x80, 0x80,
  0x7f, 0x7f, 0x7f, 0x80, 0x7f, 0x7f, 0x80, 0x81, 0x82, 0x81, 0x80, 0x80,
  0x7f, 0x7f, 0x7f, 0x80, 0x80, 0x80, 0x80, 0x80, 0x81, 0x81, 0x80, 0x80,
  0x80, 0x80, 0x80, 0x80, 0x80, 0x80, 0x80, 0x80, 0x80, 0x7f, 0x80, 0x80,
  0x81, 0x81, 0x80, 0x80, 0x80, 0x80, 0x80, 0x80, 0x80, 0x80, 0x80, 0x80,
  0x80, 0x81, 0x81, 0x80, 0x80, 0x80, 0x80, 0x80, 0x80, 0x80, 0x80, 0x80,
  0x80, 0x80, 0x81, 0x81, 0x81, 0x81, 0x7f, 0x7f, 0x7f, 0x80, 0x80, 0x80,
  0x7f, 0x7f, 0x80, 0x80, 0x81, 0x81, 0x81, 0x81, 0x80, 0x7f, 0x80, 0x80,
  0x80, 0x7f, 0x7f, 0x80, 0x80, 0x80, 0x80, 0x81, 0x81, 0x81, 0x80, 0x7f,
  0x7f, 0x80, 0x80, 0x7f, 0x7f, 0x7f, 0x80, 0x80, 0x81, 0x81, 0x81, 0x81,
  0x81, 0x80, 0x7f, 0x7f, 0x7f, 0x7f, 0x7f, 0x80, 0x80, 0x80, 0x80, 0x81,
  0x81, 0x81, 0x81, 0x80, 0x7f, 0x7f, 0x7f, 0x7f, 0x80, 0x80, 0x80, 0x80,
  0x80, 0x81, 0x81, 0x81, 0x81, 0x80, 0x80, 0x7f, 0x7f, 0x7f, 0x7f, 0x80,
  0x80, 0x80, 0x80, 0x80, 0x81, 0x81, 0x81, 0x81, 0x80, 0x80, 0x7f, 0x7f,
  0x7f, 0x80, 0x80, 0x80, 0x80, 0x80, 0x80, 0x80, 0x80, 0x81, 0x81, 0x80,
  0x80, 0x7f, 0x7f, 0x7f, 0x80, 0x80, 0x80, 0x80, 0x80, 0x80, 0x80, 0x81,
  0x81, 0x80, 0x80, 0x7f, 0x7f, 0x7f, 0x80, 0x80, 0x80, 0x80, 0x80, 0x80,
  0x80, 0x81, 0x81, 0x80, 0x80, 0x80, 0x80, 0x7f, 0x80, 0x80, 0x80, 0x80,
  0x80, 0x80, 0x80, 0x80, 0x81, 0x81, 0x81, 0x80, 0x80, 0x80, 0x80, 0x7f,
  0x80, 0x80, 0x80, 0x80, 0x7f, 0x80, 0x80, 0x81, 0x81, 0x81, 0x80, 0x80,
  0x80, 0x80, 0x80, 0x80, 0x80, 0x80, 0x80, 0x7f, 0x80, 0x80, 0x81, 0x81,
  0x80, 0x80, 0x80, 0x80, 0x80, 0x80, 0x80, 0x80, 0x80, 0x80, 0x80, 0x80,
  0x80, 0x80, 0x80, 0x80, 0x80, 0x80, 0x80, 0x80, 0x80, 0x80, 0x80, 0x80,
  0x80, 0x80, 0x80, 0x80, 0x80, 0x81, 0x80, 0x80, 0x7f, 0x80, 0x80, 0x80,
  0x80, 0x80, 0x80, 0x80, 0x80, 0x80, 0x80, 0x80, 0x81, 0x81, 0x80, 0x7f,
  0x7f, 0x80, 0x80, 0x81, 0x80, 0x80, 0x80, 0x80, 0x7f, 0x80, 0x80, 0x81,
  0x81, 0x80, 0x80, 0x7f, 0x80, 0x80, 0x81, 0x80, 0x80, 0x80, 0x7f, 0x7f,
  0x7f, 0x80, 0x80, 0x81, 0x81, 0x80, 0x80, 0x80, 0x80, 0x80, 0x80, 0x80,
  0x80, 0x7f, 0x7f, 0x7f, 0x80, 0x80, 0x81, 0x81, 0x81, 0x80, 0x80, 0x80,
  0x80, 0x80, 0x80, 0x80, 0x7f, 0x7f, 0x7f, 0x80, 0x80, 0x81, 0x81, 0x81,
  0x80, 0x80, 0x80, 0x80, 0x80, 0x80, 0x80, 0x80, 0x7f, 0x7f, 0x80, 0x80,
  0x80, 0x81, 0x81, 0x81, 0x80, 0x80, 0x80, 0x80, 0x80, 0x80, 0x80, 0x80,
  0x80, 0x80, 0x7f, 0x80, 0x80, 0x80, 0x81, 0x81, 0x81, 0x80, 0x80, 0x80,
  0x80, 0x80, 0x80, 0x80, 0x7f, 0x7f, 0x7f, 0x80, 0x80, 0x80, 0x81, 0x81,
  0x81, 0x80, 0x80, 0x80, 0x80, 0x80, 0x80, 0x80, 0x80, 0x80, 0x80, 0x80,
  0x80, 0x80, 0x81, 0x81, 0x80, 0x80, 0x80, 0x80, 0x80, 0x80, 0x80, 0x80,
  0x80, 0x80, 0x80, 0x80, 0x80, 0x80, 0x81, 0x80, 0x80, 0x81, 0x80, 0x80,
  0x80, 0x80, 0x7f, 0x7f, 0x80, 0x7f, 0x80, 0x80, 0x80, 0x81, 0x81, 0x81,
  0x80, 0x80, 0x80, 0x80, 0x80, 0x80, 0x7f, 0x7f, 0x7f, 0x7f, 0x80, 0x80,
  0x80, 0x80, 0x80, 0x81, 0x80, 0x80, 0x80, 0x80, 0x80, 0x80, 0x7f, 0x7f,
  0x7f, 0x7f, 0x80, 0x81, 0x81, 0x81, 0x81, 0x80, 0x80, 0x80, 0x80, 0x80,
  0x80, 0x80, 0x7f, 0x7f, 0x7f, 0x7f, 0x80, 0x80, 0x81, 0x81, 0x81, 0x80,
  0x80, 0x80, 0x80, 0x80, 0x80, 0x80, 0x80, 0x80, 0x7f, 0x7f, 0x7f, 0x80,
  0x80, 0x80, 0x80, 0x80, 0x80, 0x80, 0x81, 0x81, 0x81, 0x81, 0x81, 0x80,
  0x80, 0x7f, 0x7f, 0x7f, 0x80, 0x80, 0x80, 0x80, 0x80, 0x80, 0x80, 0x80,
  0x81, 0x81, 0x81, 0x80, 0x80, 0x80, 0x7f, 0x7f, 0x80, 0x80, 0x80, 0x80,
  0x80, 0x80, 0x80, 0x80, 0x80, 0x80, 0x81, 0x81, 0x80, 0x80, 0x80, 0x80,
  0x7f, 0x80, 0x80, 0x80, 0x80, 0x80, 0x80, 0x80, 0x80, 0x80, 0x80, 0x80,
  0x80, 0x80, 0x80, 0x80, 0x80, 0x80, 0x7f, 0x7f, 0x7f, 0x80, 0x80, 0x80,
  0x80, 0x81, 0x81, 0x80, 0x80, 0x80, 0x80, 0x80, 0x80, 0x80, 0x80, 0x80,
  0x80, 0x80, 0x80, 0x80, 0x80, 0x80, 0x80, 0x80, 0x80, 0x80, 0x80, 0x80,
  0x80, 0x80, 0x80, 0x80, 0x80, 0x80, 0x80, 0x80, 0x80, 0x80, 0x80, 0x80,
  0x80, 0x80, 0x80, 0x80, 0x80, 0x80, 0x80, 0x80, 0x80, 0x80, 0x80, 0x80,
  0x81, 0x80, 0x80, 0x80, 0x7f, 0x7f, 0x7f, 0x80, 0x80, 0x80, 0x80, 0x80,
  0x80, 0x80, 0x80, 0x80, 0x80, 0x80, 0x80, 0x80, 0x80, 0x80, 0x80, 0x80,
  0x80, 0x80, 0x80, 0x80, 0x80, 0x80, 0x80, 0x80, 0x80, 0x80, 0x80, 0x80,
  0x80, 0x80, 0x81, 0x81, 0x80, 0x80, 0x80, 0x7f, 0x7f, 0x7f, 0x80, 0x80,
  0x80, 0x80, 0x80, 0x80, 0x80, 0x80, 0x80, 0x80, 0x80, 0x80, 0x80, 0x80,
  0x80, 0x80, 0x80, 0x80, 0x80, 0x80, 0x80, 0x80, 0x80, 0x80, 0x80, 0x80,
  0x80, 0x80, 0x80, 0x80, 0x80, 0x80, 0x81, 0x81, 0x81, 0x81, 0x81, 0x80,
  0x80, 0x80, 0x80, 0x80, 0x80, 0x80, 0x80, 0x80, 0x80, 0x80, 0x80, 0x80,
  0x80, 0x80, 0x80, 0x80, 0x80, 0x80, 0x80, 0x80, 0x80, 0x80, 0x80, 0x80,
  0x80, 0x81, 0x81, 0x80, 0x80, 0x80, 0x80, 0x80, 0x80, 0x80, 0x80, 0x80,
  0x80, 0x80, 0x80, 0x80, 0x80, 0x80, 0x80, 0x80, 0x80, 0x80, 0x80, 0x80,
  0x80, 0x80, 0x80, 0x80, 0x80, 0x80, 0x80, 0x80, 0x80, 0x80, 0x80, 0x80,
  0x80, 0x80, 0x80, 0x80, 0x80, 0x80, 0x80, 0x80, 0x80, 0x80, 0x80, 0x80,
  0x80, 0x80, 0x80, 0x80, 0x80, 0x80, 0x80, 0x80, 0x81, 0x81, 0x81, 0x80,
  0x80, 0x80, 0x80, 0x80, 0x80, 0x81, 0x81, 0x81, 0x80, 0x80, 0x7f, 0x7f,
  0x7f, 0x80, 0x80, 0x80, 0x80, 0x80, 0x7f, 0x7f, 0x7f, 0x80, 0x80, 0x80,
  0x80, 0x80, 0x80, 0x80, 0x80, 0x80, 0x80, 0x80, 0x80, 0x80, 0x80, 0x80,
  0x80, 0x80, 0x80, 0x80, 0x80, 0x80, 0x80, 0x80, 0x7f, 0x7f, 0x7f, 0x80,
  0x7f, 0x7f, 0x7f, 0x7f, 0x80, 0x80, 0x80, 0x80, 0x80, 0x80, 0x81, 0x81,
  0x81, 0x80, 0x80, 0x81, 0x81, 0x81, 0x80, 0x80, 0x80, 0x80, 0x7f, 0x7f,
  0x7f, 0x7f, 0x80, 0x80, 0x80, 0x80, 0x80, 0x80, 0x80, 0x80, 0x80, 0x80,
  0x81, 0x81, 0x80, 0x80, 0x7f, 0x7f, 0x7f, 0x7f, 0x80, 0x80, 0x80, 0x80,
  0x80, 0x80, 0x80, 0x80, 0x81, 0x81, 0x81, 0x80, 0x80, 0x80, 0x80, 0x80,
  0x80, 0x80, 0x80, 0x80, 0x7f, 0x7f, 0x7f, 0x7f, 0x80, 0x80, 0x81, 0x81,
  0x80, 0x80, 0x81, 0x81, 0x81, 0x82, 0x81, 0x81, 0x80, 0x7f, 0x7f, 0x7f,
  0x7f, 0x80, 0x7f, 0x7f, 0x7f, 0x7f, 0x7f, 0x80, 0x80, 0x81, 0x81, 0x81,
  0x80, 0x80, 0x80, 0x80, 0x80, 0x80, 0x80, 0x80, 0x80, 0x80, 0x80, 0x80,
  0x81, 0x81, 0x80, 0x80, 0x80, 0x80, 0x80, 0x80, 0x80, 0x80, 0x80, 0x7f,
  0x7f, 0x80, 0x80, 0x80, 0x81, 0x81, 0x81, 0x81, 0x80, 0x80, 0x80, 0x80,
  0x80, 0x80, 0x7f, 0x7f, 0x7f, 0x80, 0x80, 0x81, 0x81, 0x81, 0x80, 0x80,
  0x80, 0x80, 0x80, 0x80, 0x80, 0x80, 0x7f, 0x7f, 0x80, 0x80, 0x80, 0x81,
  0x80, 0x80, 0x80, 0x80, 0x80, 0x80, 0x80, 0x80, 0x80, 0x80, 0x7f, 0x80,
  0x80, 0x80, 0x81, 0x81, 0x81, 0x81, 0x80, 0x80, 0x80, 0x80, 0x80, 0x80,
  0x80, 0x7f, 0x7f, 0x7f, 0x80, 0x80, 0x81, 0x81, 0x81, 0x80, 0x80, 0x80,
  0x80, 0x80, 0x80, 0x80, 0x7f, 0x7f, 0x7f, 0x80, 0x80, 0x81, 0x80, 0x80,
  0x80, 0x80, 0x80, 0x80, 0x80, 0x80, 0x80, 0x80, 0x7f, 0x80, 0x80, 0x80,
  0x80, 0x80, 0x80, 0x80, 0x80, 0x80, 0x80, 0x80, 0x80, 0x80, 0x80, 0x80,
  0x80, 0x80, 0x80, 0x80, 0x81, 0x80, 0x80, 0x80, 0x80, 0x80, 0x80, 0x80,
  0x80, 0x80, 0x80, 0x80, 0x80, 0x80, 0x81, 0x81, 0x80, 0x80, 0x80, 0x80,
  0x80, 0x7f, 0x7f, 0x80, 0x7f, 0x80, 0x80, 0x80, 0x81, 0x81, 0x81, 0x81,
  0x80, 0x80, 0x7f, 0x7f, 0x7f, 0x7f, 0x7f, 0x80, 0x80, 0x80, 0x81, 0x81,
  0x81, 0x81, 0x81, 0x80, 0x80, 0x7f, 0x7f, 0x7f, 0x80, 0x80, 0x81, 0x81,
  0x81, 0x81, 0x81, 0x80, 0x80, 0x80, 0x7f, 0x7f, 0x7f, 0x7f, 0x80, 0x81,
  0x81, 0x81, 0x81, 0x81, 0x80, 0x7f, 0x7f, 0x7f, 0x80, 0x80, 0x80, 0x80,
  0x80, 0x80, 0x81, 0x80, 0x80, 0x80, 0x7f, 0x7f, 0x7f, 0x80, 0x80, 0x80,
  0x80, 0x7f, 0x80, 0x80, 0x80, 0x80, 0x80, 0x80, 0x80, 0x7f, 0x80, 0x80,
  0x81, 0x81, 0x80, 0x80, 0x80, 0x80, 0x81, 0x81, 0x80, 0x80, 0x80, 0x80,
  0x80, 0x80, 0x80, 0x80, 0x80, 0x80, 0x80, 0x80, 0x80, 0x80, 0x80, 0x80,
  0x80, 0x80, 0x81, 0x81, 0x81, 0x81, 0x80, 0x80, 0x7f, 0x7f, 0x7f, 0x80,
  0x80, 0x81, 0x81, 0x81, 0x81, 0x80, 0x80, 0x80, 0x80, 0x80, 0x80, 0x80,
  0x80, 0x81, 0x81, 0x80, 0x80, 0x7f, 0x7f, 0x80, 0x80, 0x81, 0x81, 0x80,
  0x80, 0x80, 0x80, 0x81, 0x81, 0x81, 0x80, 0x7f, 0x7f, 0x7f, 0x80, 0x80,
  0x80, 0x80, 0x80, 0x80, 0x80, 0x81, 0x80, 0x80, 0x7f, 0x7f, 0x80, 0x81,
  0x81, 0x81, 0x80, 0x7f, 0x7f, 0x7f, 0x80, 0x80, 0x80, 0x80, 0x80, 0x81,
  0x81, 0x80, 0x80, 0x80, 0x80, 0x7f, 0x7f, 0x80, 0x81, 0x81, 0x80, 0x80,
  0x80, 0x80, 0x80, 0x80, 0x80, 0x80, 0x80, 0x80, 0x80, 0x81, 0x81, 0x80,
  0x7f, 0x7f, 0x7f, 0x80, 0x80, 0x81, 0x81, 0x80, 0x80, 0x80, 0x80, 0x80,
  0x7f, 0x7f, 0x80, 0x80, 0x82, 0x81, 0x80, 0x7f, 0x7f, 0x7f, 0x80, 0x80,
  0x80, 0x80, 0x80, 0x80, 0x81, 0x80, 0x80, 0x80, 0x7f, 0x7f, 0x7f, 0x80,
  0x81, 0x81, 0x81, 0x80, 0x80, 0x80, 0x80, 0x7f, 0x7f, 0x80, 0x80, 0x81,
  0x81, 0x81, 0x7f, 0x7e, 0x7f, 0x7f, 0x81, 0x81, 0x80, 0x80, 0x80, 0x80,
  0x81, 0x81, 0x80, 0x80, 0x80, 0x7f, 0x7f, 0x80, 0x80, 0x81, 0x81, 0x80,
  0x80, 0x80, 0x80, 0x80, 0x7f, 0x7f, 0x80, 0x81, 0x81, 0x81, 0x80, 0x80,
  0x7f, 0x80, 0x81, 0x80, 0x80, 0x7f, 0x7f, 0x81, 0x81, 0x80, 0x80, 0x80,
  0x80, 0x80, 0x7f, 0x80, 0x80, 0x80, 0x80, 0x80, 0x80, 0x80, 0x80, 0x80,
  0x7f, 0x7f, 0x80, 0x81, 0x81, 0x80, 0x80, 0x80, 0x80, 0x80, 0x80, 0x80,
  0x80, 0x7f, 0x80, 0x80, 0x80, 0x80, 0x80, 0x80, 0x80, 0x81, 0x81, 0x81,
  0x80, 0x80, 0x7f, 0x7f, 0x80, 0x80, 0x80, 0x80, 0x80, 0x80, 0x80, 0x81,
  0x80, 0x80, 0x7f, 0x7f, 0x7f, 0x80, 0x80, 0x81, 0x81, 0x80, 0x80, 0x80,
  0x80, 0x80, 0x7f, 0x7f, 0x7f, 0x7f, 0x80, 0x81, 0x81, 0x80, 0x80, 0x80,
  0x80, 0x80, 0x80, 0x80, 0x80, 0x80, 0x7f, 0x7f, 0x7f, 0x80, 0x80, 0x81,
  0x80, 0x80, 0x80, 0x80, 0x80, 0x80, 0x80, 0x7f, 0x7f, 0x7f, 0x80, 0x81,
  0x80, 0x80, 0x80, 0x80, 0x80, 0x80, 0x81, 0x81, 0x7f, 0x7f, 0x7f, 0x80,
  0x81, 0x81, 0x80, 0x80, 0x80, 0x80, 0x81, 0x81, 0x80, 0x80, 0x7f, 0x7f,
  0x7f, 0x80, 0x80, 0x80, 0x80, 0x80, 0x80, 0x81, 0x81, 0x81, 0x80, 0x80,
  0x7f, 0x7f, 0x7f, 0x7f, 0x80, 0x80, 0x81, 0x81, 0x81, 0x81, 0x81, 0x81,
  0x80, 0x7f, 0x7f, 0x7f, 0x7f, 0x7f, 0x80, 0x80, 0x81, 0x81, 0x80, 0x80,
  0x80, 0x80, 0x80, 0x80, 0x7f, 0x7f, 0x7f, 0x7f, 0x80, 0x81, 0x81, 0x81,
  0x81, 0x81, 0x80, 0x80, 0x80, 0x80, 0x80, 0x80, 0x7f, 0x7f, 0x7f, 0x80,
  0x80, 0x81, 0x81, 0x81, 0x80, 0x80, 0x80, 0x80, 0x80, 0x80, 0x80, 0x80,
  0x7f, 0x80, 0x80, 0x80, 0x80, 0x81, 0x80, 0x80, 0x80, 0x80, 0x80, 0x80,
  0x80, 0x80, 0x80, 0x80, 0x80, 0x80, 0x80, 0x81, 0x80, 0x80, 0x80, 0x80,
  0x80, 0x80, 0x80, 0x80, 0x80, 0x7f, 0x7f, 0x80, 0x80, 0x80, 0x80, 0x81,
  0x81, 0x80, 0x80, 0x80, 0x80, 0x80, 0x80, 0x80, 0x80, 0x80, 0x80, 0x80,
  0x80, 0x80, 0x80, 0x80, 0x80, 0x80, 0x80, 0x80, 0x80, 0x80, 0x80, 0x80,
  0x80, 0x80, 0x80, 0x80, 0x80, 0x80, 0x80, 0x80, 0x80, 0x80, 0x80, 0x80,
  0x80, 0x80, 0x80, 0x80, 0x80, 0x80, 0x80, 0x80, 0x80, 0x80, 0x80, 0x80,
  0x80, 0x80, 0x80, 0x80, 0x80, 0x80, 0x80, 0x80, 0x7f, 0x80, 0x80, 0x81,
  0x81, 0x80, 0x80, 0x80, 0x80, 0x80, 0x80, 0x80, 0x80, 0x7f, 0x7f, 0x7f,
  0x80, 0x80, 0x81, 0x81, 0x80, 0x80, 0x80, 0x80, 0x80, 0x81, 0x81, 0x80,
  0x80, 0x80, 0x7f, 0x7f, 0x7f, 0x80, 0x81, 0x81, 0x80, 0x80, 0x80, 0x80,
  0x81, 0x81, 0x80, 0x80, 0x80, 0x7f, 0x7f, 0x7f, 0x7f, 0x80, 0x81, 0x81,
  0x81, 0x80, 0x80, 0x80, 0x80, 0x80, 0x80, 0x80, 0x7f, 0x7f, 0x7f, 0x80,
  0x80, 0x81, 0x81, 0x81, 0x80, 0x80, 0x80, 0x80, 0x80, 0x80, 0x80, 0x80,
  0x7f, 0x7f, 0x80, 0x80, 0x80, 0x81, 0x81, 0x80, 0x80, 0x80, 0x80, 0x80,
  0x80, 0x80, 0x80, 0x7f, 0x7f, 0x7f, 0x80, 0x80, 0x81, 0x81, 0x81, 0x80,
  0x80, 0x80, 0x80, 0x80, 0x80, 0x80, 0x80, 0x7f, 0x7f, 0x7f, 0x80, 0x80,
  0x81, 0x81, 0x80, 0x80, 0x80, 0x80, 0x80, 0x80, 0x80, 0x80, 0x7f, 0x7f,
  0x7f, 0x80, 0x80, 0x81, 0x80, 0x80, 0x80, 0x80, 0x80, 0x80, 0x80, 0x80,
  0x80, 0x80, 0x7f, 0x7f, 0x7f, 0x80, 0x81, 0x81, 0x81, 0x80, 0x80, 0x80,
  0x80, 0x80, 0x80, 0x80, 0x80, 0x80, 0x7f, 0x7f, 0x7f, 0x80, 0x80, 0x81,
  0x81, 0x80, 0x80, 0x80, 0x80, 0x80, 0x80, 0x80, 0x80, 0x80, 0x80, 0x7f,
  0x80, 0x80, 0x80, 0x80, 0x80, 0x80, 0x80, 0x80, 0x80, 0x80, 0x80, 0x80,
  0x80, 0x80, 0x80, 0x80, 0x80, 0x80, 0x80, 0x80, 0x80, 0x80, 0x81, 0x80,
  0x80, 0x80, 0x80, 0x80, 0x80, 0x80, 0x80, 0x80, 0x80, 0x80, 0x80, 0x80,
  0x80, 0x81, 0x81, 0x81, 0x80, 0x80, 0x80, 0x80, 0x80, 0x80, 0x80, 0x80,
  0x80, 0x80, 0x80, 0x80, 0x81, 0x81, 0x81, 0x80, 0x80, 0x80, 0x80, 0x80,
  0x7f, 0x7f, 0x7f, 0x7f, 0x7f, 0x80, 0x80, 0x80, 0x81, 0x81, 0x81, 0x81,
  0x81, 0x81, 0x80, 0x80, 0x80, 0x80, 0x80, 0x7f, 0x7f, 0x7f, 0x7f, 0x80,
  0x80, 0x80, 0x80, 0x80, 0x80, 0x81, 0x80, 0x81, 0x81, 0x80, 0x80, 0x80,
  0x7f, 0x7f, 0x7f, 0x7f, 0x80, 0x80, 0x80, 0x80, 0x80, 0x81, 0x81, 0x81,
  0x81, 0x81, 0x80, 0x80, 0x80, 0x7f, 0x7f, 0x7f, 0x7f, 0x7f, 0x80, 0x80,
  0x7f, 0x80, 0x80, 0x80, 0x81, 0x81, 0x81, 0x81, 0x81, 0x80, 0x80, 0x80,
  0x80, 0x80, 0x80, 0x80, 0x80, 0x80, 0x80, 0x80, 0x80, 0x80, 0x80, 0x80,
  0x80, 0x80, 0x80, 0x80, 0x80, 0x80, 0x80, 0x80, 0x80, 0x80, 0x80, 0x80,
  0x80, 0x80, 0x80, 0x80, 0x80, 0x80, 0x80, 0x80, 0x80, 0x80, 0x80, 0x80,
  0x80, 0x80, 0x80, 0x80, 0x80, 0x80, 0x80, 0x80, 0x80, 0x80, 0x80, 0x80,
  0x80, 0x80, 0x80, 0x80, 0x80, 0x80, 0x80, 0x80, 0x80, 0x80, 0x80, 0x80,
  0x80, 0x80, 0x80, 0x80, 0x80, 0x80, 0x80, 0x80, 0x80, 0x80, 0x80, 0x80,
  0x80, 0x80, 0x80, 0x80, 0x80, 0x80, 0x80, 0x80, 0x80, 0x80, 0x80, 0x80,
  0x80, 0x80, 0x80, 0x80, 0x80, 0x80, 0x80, 0x80, 0x7f, 0x80, 0x7f, 0x80,
  0x80, 0x80, 0x80, 0x80, 0x80, 0x80, 0x80, 0x80, 0x80, 0x80, 0x81, 0x80,
  0x80, 0x80, 0x80, 0x80, 0x7f, 0x80, 0x80, 0x80, 0x80, 0x80, 0x80, 0x80,
  0x80, 0x80, 0x80, 0x80, 0x80, 0x80, 0x80, 0x80, 0x80, 0x80, 0x80, 0x80,
  0x80, 0x80, 0x80, 0x80, 0x80, 0x80, 0x80, 0x80, 0x80, 0x80, 0x80, 0x80,
  0x80, 0x80, 0x80, 0x80, 0x80, 0x80, 0x80, 0x80, 0x80, 0x80, 0x80, 0x80,
  0x80, 0x80, 0x80, 0x80, 0x7f, 0x7f, 0x80, 0x80, 0x80, 0x80, 0x80, 0x80,
  0x80, 0x80, 0x80, 0x80, 0x80, 0x80, 0x80, 0x80, 0x80, 0x80, 0x80, 0x80,
  0x80, 0x80, 0x80, 0x80, 0x80, 0x80, 0x80, 0x80, 0x80, 0x80, 0x80, 0x80,
  0x80, 0x80, 0x80, 0x80, 0x80, 0x81, 0x80, 0x80, 0x80, 0x80, 0x80, 0x80,
  0x80, 0x80, 0x80, 0x80, 0x80, 0x80, 0x80, 0x80, 0x80, 0x80, 0x80, 0x80,
  0x80, 0x80, 0x80, 0x7f, 0x80, 0x7f, 0x80, 0x80, 0x80, 0x80, 0x80, 0x80,
  0x80, 0x80, 0x80, 0x80, 0x80, 0x80, 0x80, 0x80, 0x80, 0x80, 0x80, 0x80,
  0x80, 0x80, 0x80, 0x80, 0x80, 0x80, 0x80, 0x80, 0x7f, 0x80, 0x80, 0x80,
  0x80, 0x80, 0x80, 0x80, 0x80, 0x80, 0x80, 0x80, 0x80, 0x80, 0x80, 0x80,
  0x80, 0x80, 0x80, 0x80, 0x80, 0x80, 0x80, 0x80, 0x80, 0x80, 0x80, 0x80,
  0x80, 0x80, 0x80, 0x80, 0x7f, 0x7f, 0x7f, 0x7f, 0x80, 0x80, 0x80, 0x80,
  0x80, 0x80, 0x80, 0x80, 0x80, 0x80, 0x80, 0x81, 0x81, 0x81, 0x81, 0x80,
  0x80, 0x80, 0x80, 0x80, 0x80, 0x80, 0x80, 0x80, 0x7f, 0x7f, 0x7f, 0x7f,
  0x80, 0x80, 0x80, 0x80, 0x80, 0x80, 0x80, 0x80, 0x80, 0x81, 0x81, 0x81,
  0x80, 0x80, 0x7f, 0x7f, 0x7f, 0x7f, 0x80, 0x80, 0x80, 0x80, 0x80, 0x80,
  0x80, 0x80, 0x80, 0x81, 0x81, 0x81, 0x80, 0x80, 0x80, 0x80, 0x80, 0x80,
  0x80, 0x80, 0x80, 0x80, 0x80, 0x80, 0x80, 0x80, 0x81, 0x81, 0x81, 0x80,
  0x80, 0x80, 0x80, 0x80, 0x80, 0x80, 0x80, 0x7f, 0x7f, 0x7f, 0x7f, 0x7f,
  0x80, 0x80, 0x80, 0x80, 0x80, 0x80, 0x80, 0x81, 0x81, 0x81, 0x81, 0x80,
  0x80, 0x80, 0x80, 0x80, 0x80, 0x80, 0x7f, 0x7f, 0x7f, 0x80, 0x80, 0x81,
  0x80, 0x80, 0x80, 0x80, 0x80, 0x80, 0x80, 0x80, 0x80, 0x80, 0x7f, 0x7f,
  0x80, 0x80, 0x80, 0x81, 0x81, 0x80, 0x80, 0x80, 0x80, 0x80, 0x80, 0x80,
  0x80, 0x80, 0x7f, 0x7f, 0x80, 0x80, 0x80, 0x81, 0x81, 0x80, 0x80, 0x80,
  0x80, 0x80, 0x80, 0x80, 0x80, 0x80, 0x80, 0x80, 0x80, 0x80, 0x80, 0x80,
  0x80, 0x80, 0x80, 0x80, 0x80, 0x80, 0x80, 0x80, 0x80, 0x80, 0x80, 0x80,
  0x80, 0x80, 0x80, 0x80, 0x80, 0x80, 0x80, 0x80, 0x80, 0x80, 0x80, 0x80,
  0x7f, 0x80, 0x80, 0x80, 0x80, 0x80, 0x80, 0x80, 0x80, 0x80, 0x81, 0x80,
  0x80, 0x80, 0x80, 0x7f, 0x7f, 0x80, 0x80, 0x80, 0x80, 0x80, 0x80, 0x80,
  0x80, 0x80, 0x80, 0x80, 0x80, 0x7f, 0x7f, 0x7f, 0x80, 0x80, 0x80, 0x80,
  0x81, 0x80, 0x80, 0x80, 0x80, 0x80, 0x80, 0x80, 0x80, 0x80, 0x80, 0x80,
  0x80, 0x80, 0x80, 0x80, 0x80, 0x80, 0x80, 0x80, 0x80, 0x80, 0x80, 0x80,
  0x80, 0x80, 0x80, 0x80, 0x80, 0x80, 0x80, 0x80, 0x80, 0x80, 0x80, 0x80,
  0x80, 0x80, 0x80, 0x80, 0x80, 0x80, 0x80, 0x80, 0x80, 0x80, 0x81, 0x80,
  0x80, 0x80, 0x80, 0x80, 0x7f, 0x80, 0x80, 0x80, 0x80, 0x80, 0x80, 0x80,
  0x80, 0x80, 0x80, 0x80, 0x80, 0x7f, 0x7f, 0x7f, 0x7f, 0x80, 0x80, 0x81,
  0x81, 0x81, 0x80, 0x80, 0x80, 0x80, 0x7f, 0x7f, 0x7f, 0x7f, 0x80, 0x81,
  0x81, 0x81, 0x81, 0x81, 0x80, 0x7f, 0x7f, 0x7f, 0x7f, 0x80, 0x80, 0x80,
  0x80, 0x80, 0x80, 0x81, 0x80, 0x80, 0x7f, 0x7f, 0x80, 0x80, 0x81, 0x81,
  0x80, 0x80, 0x80, 0x80, 0x80, 0x81, 0x81, 0x80, 0x80, 0x7f, 0x80, 0x80,
  0x81, 0x81, 0x80, 0x80, 0x80, 0x80, 0x80, 0x80, 0x80, 0x80, 0x80, 0x7f,
  0x80, 0x80, 0x80, 0x81, 0x80, 0x80, 0x7f, 0x80, 0x80, 0x80, 0x80, 0x80,
  0x80, 0x80, 0x80, 0x80, 0x80, 0x80, 0x80, 0x80, 0x7f, 0x7f, 0x7f, 0x80,
  0x80, 0x80, 0x81, 0x81, 0x81, 0x81, 0x81, 0x80, 0x80, 0x7f, 0x7f, 0x7f,
  0x80, 0x80, 0x81, 0x81, 0x80, 0x80, 0x7f, 0x7f, 0x7f, 0x80, 0x80, 0x80,
  0x80, 0x81, 0x80, 0x80, 0x80, 0x80, 0x80, 0x80, 0x80, 0x80, 0x80, 0x80,
  0x80, 0x80, 0x80, 0x80, 0x80, 0x80, 0x80, 0x80, 0x7f, 0x80, 0x80, 0x80,
  0x80, 0x80, 0x80, 0x80, 0x80, 0x80, 0x80, 0x80, 0x80, 0x80, 0x80, 0x80,
  0x81, 0x80, 0x80, 0x80, 0x80, 0x80, 0x80, 0x80, 0x80, 0x80, 0x80, 0x80,
  0x80, 0x80, 0x80, 0x80, 0x80, 0x80, 0x80, 0x80, 0x80, 0x80, 0x80, 0x80,
  0x80, 0x80, 0x80, 0x80, 0x80, 0x80, 0x80, 0x80, 0x80, 0x80, 0x80, 0x80,
  0x80, 0x80, 0x80, 0x80, 0x80, 0x80, 0x80, 0x81, 0x80, 0x80, 0x80, 0x7f,
  0x7f, 0x80, 0x80, 0x80, 0x80, 0x80, 0x81, 0x80, 0x80, 0x80, 0x80, 0x80,
  0x80, 0x80, 0x80, 0x81, 0x81, 0x81, 0x80, 0x7f, 0x7f, 0x7f, 0x7f, 0x80,
  0x80, 0x80, 0x81, 0x81, 0x80, 0x80, 0x7f, 0x7f, 0x80, 0x80, 0x81, 0x81,
  0x80, 0x7f, 0x7f, 0x80, 0x80, 0x80, 0x80, 0x80, 0x80, 0x80, 0x80, 0x80,
  0x80, 0x80, 0x80, 0x80, 0x7f, 0x7f, 0x80, 0x80, 0x81, 0x81, 0x81, 0x81,
  0x80, 0x80, 0x7f, 0x7f, 0x80, 0x80, 0x80, 0x80, 0x80, 0x80, 0x81, 0x81,
  0x80, 0x80, 0x80, 0x7f, 0x7f, 0x7f, 0x80, 0x80, 0x80, 0x81, 0x81, 0x81,
  0x80, 0x7f, 0x7f, 0x7f, 0x80, 0x80, 0x81, 0x81, 0x81, 0x80, 0x80, 0x80,
  0x80, 0x80, 0x7f, 0x80, 0x80, 0x81, 0x81, 0x80, 0x80, 0x7f, 0x80, 0x80,
  0x81, 0x80, 0x80, 0x80, 0x7f, 0x80, 0x80, 0x80, 0x81, 0x80, 0x80, 0x7f,
  0x7f, 0x7f, 0x80, 0x80, 0x80, 0x80, 0x80, 0x80, 0x81, 0x81, 0x81, 0x80,
  0x7f, 0x7f, 0x7f, 0x80, 0x80, 0x80, 0x80, 0x80, 0x81, 0x81, 0x81, 0x80,
  0x7f, 0x7f, 0x7f, 0x80, 0x80, 0x80, 0x80, 0x80, 0x80, 0x80, 0x80, 0x80,
  0x81, 0x81, 0x81, 0x80, 0x80, 0x80, 0x80, 0x80, 0x80, 0x80, 0x80, 0x80,
  0x80, 0x80, 0x81, 0x80, 0x80, 0x80, 0x80, 0x80, 0x80, 0x80, 0x80, 0x80,
  0x7f, 0x80, 0x80, 0x80, 0x80, 0x80, 0x80, 0x80, 0x80, 0x80, 0x80, 0x80,
  0x80, 0x80, 0x80, 0x80, 0x80, 0x80, 0x80, 0x80, 0x80, 0x80, 0x80, 0x80,
  0x80, 0x7f, 0x80, 0x80, 0x80, 0x80, 0x80, 0x80, 0x80, 0x81, 0x80, 0x80,
  0x80, 0x80, 0x80, 0x80, 0x80, 0x80, 0x80, 0x80, 0x80, 0x80, 0x80, 0x80,
  0x81, 0x80, 0x80, 0x80, 0x80, 0x80, 0x80, 0x80, 0x80, 0x80, 0x80, 0x80,
  0x80, 0x80, 0x80, 0x80, 0x80, 0x7f, 0x7f, 0x7f, 0x80, 0x80, 0x80, 0x80,
  0x81, 0x80, 0x80, 0x80, 0x80, 0x80, 0x80, 0x80, 0x80, 0x7f, 0x7f, 0x80,
  0x80, 0x80, 0x80, 0x80, 0x80, 0x80, 0x80, 0x81, 0x81, 0x81, 0x80, 0x7f,
  0x7f, 0x7f, 0x7f, 0x80, 0x80, 0x81, 0x81, 0x80, 0x80, 0x80, 0x80, 0x81,
  0x80, 0x80, 0x7f, 0x7f, 0x7f, 0x80, 0x80, 0x81, 0x81, 0x80, 0x80, 0x80,
  0x80, 0x80, 0x81, 0x81, 0x80, 0x7f, 0x7f, 0x7f, 0x80, 0x80, 0x80, 0x81,
  0x80, 0x80, 0x80, 0x80, 0x80, 0x81, 0x81, 0x80, 0x7f, 0x7f, 0x7f, 0x80,
  0x80, 0x81, 0x81, 0x80, 0x80, 0x80, 0x80, 0x81, 0x81, 0x81, 0x80, 0x7f,
  0x7f, 0x7f, 0x80, 0x80, 0x80, 0x80, 0x80, 0x80, 0x80, 0x80, 0x81, 0x81,
  0x81, 0x80, 0x80, 0x7f, 0x7f, 0x80, 0x80, 0x80, 0x80, 0x80, 0x80, 0x80,
  0x80, 0x80, 0x81, 0x81, 0x81, 0x80, 0x7f, 0x7f, 0x7f, 0x80, 0x80, 0x80,
  0x80, 0x80, 0x80, 0x80, 0x80, 0x81, 0x81, 0x81, 0x80, 0x80, 0x7f, 0x7f,
  0x80, 0x80, 0x80, 0x80, 0x80, 0x80, 0x80, 0x80, 0x80, 0x81, 0x81, 0x81,
  0x80, 0x7f, 0x7f, 0x80, 0x80, 0x80, 0x80, 0x80, 0x80, 0x80, 0x80, 0x80,
  0x80, 0x81, 0x81, 0x80, 0x80, 0x80, 0x80, 0x80, 0x80, 0x80, 0x80, 0x80,
  0x80, 0x80, 0x80, 0x80, 0x81, 0x81, 0x81, 0x80, 0x80, 0x80, 0x80, 0x80,
  0x80, 0x80, 0x7f, 0x80, 0x80, 0x80, 0x80, 0x80, 0x81, 0x80, 0x80, 0x80,
  0x80, 0x80, 0x80, 0x80, 0x80, 0x80, 0x80, 0x80, 0x80, 0x80, 0x80, 0x80,
  0x80, 0x80, 0x80, 0x80, 0x80, 0x80, 0x80, 0x80, 0x80, 0x80, 0x80, 0x80,
  0x80, 0x81, 0x80, 0x80, 0x80, 0x80, 0x80, 0x7f, 0x80, 0x80, 0x80, 0x80,
  0x80, 0x7f, 0x80, 0x80, 0x80, 0x80, 0x80, 0x81, 0x80, 0x80, 0x80, 0x80,
  0x80, 0x80, 0x80, 0x80, 0x80, 0x7f, 0x80, 0x80, 0x80, 0x80, 0x80, 0x80,
  0x80, 0x80, 0x80, 0x80, 0x80, 0x80, 0x80, 0x80, 0x7f, 0x7f, 0x7f, 0x80,
  0x80, 0x81, 0x81, 0x80, 0x80, 0x80, 0x80, 0x80, 0x80, 0x80, 0x80, 0x80,
  0x7f, 0x7f, 0x7f, 0x80, 0x80, 0x81, 0x81, 0x81, 0x80, 0x80, 0x7f, 0x7f,
  0x80, 0x80, 0x80, 0x80, 0x80, 0x80, 0x80, 0x80, 0x80, 0x80, 0x80, 0x81,
  0x80, 0x80, 0x7f, 0x7f, 0x80, 0x80, 0x80, 0x80, 0x80, 0x80, 0x80, 0x80,
  0x80, 0x80, 0x80, 0x80, 0x80, 0x80, 0x7f, 0x7f, 0x7f, 0x80, 0x80, 0x81,
  0x80, 0x81, 0x81, 0x80, 0x80, 0x80, 0x80, 0x80, 0x80, 0x80, 0x7f, 0x7f,
  0x7f, 0x80, 0x80, 0x80, 0x80, 0x80, 0x81, 0x80, 0x80, 0x80, 0x80, 0x80,
  0x80, 0x80, 0x80, 0x80, 0x80, 0x7f, 0x7f, 0x80, 0x80, 0x80, 0x80, 0x80,
  0x80, 0x80, 0x80, 0x81, 0x81, 0x80, 0x80, 0x80, 0x80, 0x80, 0x80, 0x80,
  0x80, 0x80, 0x80, 0x80, 0x80, 0x80, 0x80, 0x80, 0x80, 0x80, 0x80, 0x80,
  0x7f, 0x80, 0x80, 0x80, 0x80, 0x80, 0x80, 0x80, 0x80, 0x80, 0x80, 0x80,
  0x80, 0x80, 0x80, 0x80, 0x7f, 0x80, 0x80, 0x80, 0x80, 0x80, 0x80, 0x80,
  0x80, 0x80, 0x80, 0x80, 0x80, 0x81, 0x81, 0x80, 0x80, 0x7f, 0x7f, 0x7f,
  0x7f, 0x80, 0x80, 0x80, 0x80, 0x80, 0x80, 0x7f, 0x80, 0x80, 0x80, 0x81,
  0x81, 0x80, 0x80, 0x80, 0x80, 0x80, 0x80, 0x80, 0x80, 0x80, 0x80, 0x80,
  0x80, 0x80, 0x80, 0x80, 0x80, 0x80, 0x80, 0x80, 0x80, 0x80, 0x80, 0x80,
  0x80, 0x80, 0x80, 0x80, 0x80, 0x80, 0x80, 0x80, 0x80, 0x80, 0x80, 0x81,
  0x80, 0x80, 0x80, 0x80, 0x80, 0x7f, 0x80, 0x80, 0x80, 0x80, 0x80, 0x80,
  0x80, 0x80, 0x80, 0x80, 0x81, 0x80, 0x80, 0x80, 0x80, 0x80, 0x80, 0x80,
  0x80, 0x80, 0x80, 0x80, 0x80, 0x80, 0x80, 0x80, 0x80, 0x80, 0x80, 0x80,
  0x80, 0x80, 0x80, 0x80, 0x80, 0x80, 0x80, 0x80, 0x80, 0x80, 0x80, 0x80,
  0x80, 0x80, 0x80, 0x80, 0x80, 0x80, 0x80, 0x80, 0x80, 0x80, 0x80, 0x80,
  0x80, 0x80, 0x80, 0x80, 0x80, 0x80, 0x80, 0x80, 0x80, 0x80, 0x7f, 0x80,
  0x80, 0x80, 0x80, 0x80, 0x80, 0x80, 0x80, 0x80, 0x80, 0x80, 0x80, 0x80,
  0x80, 0x80, 0x80, 0x80, 0x80, 0x80, 0x80, 0x80, 0x80, 0x80, 0x80, 0x80,
  0x80, 0x80, 0x80, 0x80, 0x80, 0x80, 0x80, 0x80, 0x80, 0x80, 0x80, 0x80,
  0x80, 0x80, 0x80, 0x80, 0x80, 0x80, 0x80, 0x80, 0x80, 0x80, 0x80, 0x80,
  0x80, 0x80, 0x80, 0x80, 0x80, 0x80, 0x80, 0x80, 0x80, 0x80, 0x80, 0x80,
  0x80, 0x80, 0x80, 0x80, 0x80, 0x80, 0x80, 0x80, 0x80, 0x80, 0x80, 0x80,
  0x80, 0x80, 0x80, 0x80, 0x80, 0x80, 0x80, 0x80, 0x80, 0x80, 0x80, 0x80,
  0x80, 0x80, 0x80, 0x80, 0x80, 0x80, 0x80, 0x80, 0x80, 0x80, 0x80, 0x80,
  0x80, 0x80, 0x80, 0x80, 0x80, 0x80, 0x80, 0x80, 0x80, 0x80, 0x80, 0x80,
  0x80, 0x80, 0x80, 0x80, 0x80, 0x80, 0x80, 0x80, 0x80, 0x80, 0x80, 0x80,
  0x80, 0x80, 0x80, 0x80, 0x80, 0x80, 0x80, 0x80, 0x80, 0x80, 0x80, 0x80,
  0x80, 0x80, 0x80, 0x80, 0x80, 0x80, 0x80, 0x80, 0x80, 0x80, 0x80, 0x80,
  0x80, 0x80, 0x80, 0x80, 0x80, 0x80, 0x80, 0x80, 0x80, 0x80, 0x80, 0x80,
  0x80, 0x80, 0x80, 0x80, 0x80, 0x80, 0x80, 0x80, 0x80, 0x80, 0x80, 0x80,
  0x80, 0x80, 0x80, 0x80, 0x80, 0x80, 0x80, 0x80, 0x80, 0x80, 0x80, 0x80,
  0x80, 0x80, 0x80, 0x81, 0x81, 0x81, 0x80, 0x80, 0x80, 0x80, 0x80, 0x80,
  0x80, 0x80, 0x80, 0x80, 0x80, 0x7f, 0x80, 0x80, 0x80, 0x81, 0x81, 0x81,
  0x80, 0x80, 0x80, 0x80, 0x80, 0x80, 0x80, 0x80, 0x80, 0x80, 0x80, 0x80,
  0x80, 0x80, 0x80, 0x80, 0x80, 0x80, 0x80, 0x80, 0x80, 0x80, 0x80, 0x80,
  0x80, 0x80, 0x80, 0x80, 0x80, 0x80, 0x80, 0x80, 0x80, 0x80, 0x80, 0x80,
  0x80, 0x80, 0x80, 0x80, 0x80, 0x80, 0x80, 0x80, 0x80, 0x80, 0x80, 0x80,
  0x80, 0x80, 0x80, 0x80, 0x80, 0x80, 0x80, 0x80, 0x80, 0x80, 0x80, 0x80,
  0x80, 0x80, 0x80, 0x80, 0x80, 0x80, 0x80, 0x7f, 0x80, 0x80, 0x80, 0x80,
  0x80, 0x80, 0x81, 0x81, 0x81, 0x81, 0x80, 0x80, 0x80, 0x7f, 0x80, 0x7f,
  0x80, 0x80, 0x80, 0x80, 0x80, 0x80, 0x81, 0x80, 0x80, 0x80, 0x80, 0x80,
  0x80, 0x80, 0x80, 0x80, 0x80, 0x80, 0x80, 0x80, 0x80, 0x80, 0x80, 0x80,
  0x80, 0x80, 0x80, 0x80, 0x80, 0x80, 0x80, 0x80, 0x7f, 0x80, 0x80, 0x80,
  0x80, 0x80, 0x80, 0x80, 0x80, 0x80, 0x80, 0x80, 0x80, 0x80, 0x80, 0x80,
  0x80, 0x80, 0x80, 0x80, 0x80, 0x80, 0x80, 0x80, 0x80, 0x80, 0x80, 0x80,
  0x80, 0x80, 0x80, 0x7f, 0x7f, 0x80, 0x80, 0x80, 0x80, 0x80, 0x80, 0x80,
  0x80, 0x80, 0x80, 0x80, 0x80, 0x80, 0x80, 0x80, 0x80, 0x80, 0x80, 0x80,
  0x80, 0x80, 0x80, 0x80, 0x80, 0x80, 0x80, 0x80, 0x80, 0x80, 0x80, 0x80,
  0x80, 0x80, 0x81, 0x81, 0x80, 0x80, 0x80, 0x80, 0x80, 0x80, 0x80, 0x80,
  0x80, 0x80, 0x80, 0x80, 0x80, 0x80, 0x80, 0x80, 0x80, 0x80, 0x80, 0x80,
  0x80, 0x80, 0x80, 0x80, 0x80, 0x80, 0x80, 0x80, 0x80, 0x80, 0x80, 0x80,
  0x80, 0x80, 0x80, 0x80, 0x80, 0x80, 0x80, 0x80, 0x80, 0x80, 0x80, 0x80,
  0x80, 0x80, 0x80, 0x80, 0x80, 0x80, 0x80, 0x80, 0x80, 0x80, 0x80, 0x80,
  0x80, 0x80, 0x81, 0x80, 0x80, 0x80, 0x7f, 0x7f, 0x7f, 0x7f, 0x80, 0x80,
  0x80, 0x80, 0x81, 0x81, 0x80, 0x80, 0x80, 0x80, 0x80, 0x80, 0x80, 0x81,
  0x81, 0x81, 0x80, 0x80, 0x80, 0x7f, 0x7f, 0x80, 0x80, 0x80, 0x80, 0x80,
  0x80, 0x80, 0x80, 0x80, 0x80, 0x80, 0x80, 0x80, 0x80, 0x80, 0x80, 0x80,
  0x7f, 0x80, 0x80, 0x80, 0x81, 0x81, 0x80, 0x80, 0x80, 0x80, 0x80, 0x80,
  0x80, 0x80, 0x7f, 0x80, 0x80, 0x80, 0x81, 0x81, 0x80, 0x80, 0x80, 0x80,
  0x80, 0x80, 0x80, 0x80, 0x80, 0x80, 0x80, 0x80, 0x80, 0x80, 0x80, 0x80,
  0x80, 0x80, 0x80, 0x80, 0x80, 0x80, 0x80, 0x80, 0x80, 0x80, 0x80, 0x80,
  0x80, 0x80, 0x80, 0x80, 0x80, 0x80, 0x81, 0x81, 0x81, 0x80, 0x80, 0x7f,
  0x7f, 0x80, 0x80, 0x80, 0x80, 0x80, 0x80, 0x80, 0x80, 0x80, 0x80, 0x80,
  0x80, 0x80, 0x80, 0x80, 0x80, 0x80, 0x80, 0x80, 0x80, 0x80, 0x80, 0x80,
  0x81, 0x80, 0x80, 0x80, 0x80, 0x80, 0x80, 0x80, 0x80, 0x7f, 0x7f, 0x80,
  0x80, 0x81, 0x81, 0x81, 0x80, 0x80, 0x80, 0x80, 0x80, 0x80, 0x7f, 0x7f,
  0x80, 0x80, 0x81, 0x80, 0x80, 0x80, 0x80, 0x80, 0x80, 0x80, 0x80, 0x80,
  0x80, 0x7f, 0x7f, 0x80, 0x80, 0x80, 0x80, 0x80, 0x80, 0x80, 0x80, 0x80,
  0x80, 0x80, 0x80, 0x7f, 0x80, 0x80, 0x80, 0x80, 0x80, 0x80, 0x80, 0x80,
  0x81, 0x80, 0x80, 0x7f, 0x7f, 0x80, 0x81, 0x81, 0x80, 0x7f, 0x7f, 0x80,
  0x80, 0x80, 0x80, 0x80, 0x80, 0x80, 0x80, 0x80, 0x80, 0x80, 0x80, 0x80,
  0x80, 0x80, 0x80, 0x80, 0x80, 0x7f, 0x7f, 0x80, 0x80, 0x80, 0x80, 0x80,
  0x80, 0x80, 0x81, 0x81, 0x80, 0x7f, 0x7f, 0x80, 0x81, 0x81, 0x80, 0x80,
  0x80, 0x80, 0x81, 0x81, 0x80, 0x7f, 0x7f, 0x80, 0x80, 0x80, 0x80, 0x80,
  0x80, 0x80, 0x7f, 0x80, 0x80, 0x80, 0x80, 0x80, 0x80, 0x81, 0x81, 0x80,
  0x80, 0x7f, 0x7f, 0x80, 0x80, 0x81, 0x80, 0x7f, 0x80, 0x80, 0x81, 0x80,
  0x80, 0x80, 0x80, 0x80, 0x80, 0x80, 0x80, 0x80, 0x81, 0x81, 0x80, 0x80,
  0x80, 0x80, 0x80, 0x7f, 0x7f, 0x80, 0x80, 0x80, 0x80, 0x80, 0x80, 0x80,
  0x80, 0x80, 0x80, 0x80, 0x7f, 0x7f, 0x80, 0x80, 0x80, 0x80, 0x81, 0x81,
  0x81, 0x81, 0x80, 0x7f, 0x7f, 0x80, 0x80, 0x80, 0x80, 0x80, 0x80, 0x81,
  0x81, 0x80, 0x80, 0x7f, 0x7f, 0x7f, 0x80, 0x80, 0x81, 0x81, 0x80, 0x81,
  0x81, 0x81, 0x81, 0x7f, 0x7e, 0x7f, 0x7f, 0x80, 0x81, 0x81, 0x80, 0x80,
  0x80, 0x80, 0x80, 0x80, 0x80, 0x80, 0x80, 0x80, 0x80, 0x80, 0x80, 0x81,
  0x80, 0x80, 0x80, 0x80, 0x81, 0x80, 0x80, 0x7f, 0x7f, 0x7f, 0x80, 0x80,
  0x80, 0x80, 0x80, 0x80, 0x80, 0x81, 0x81, 0x80, 0x80, 0x7f, 0x7f, 0x7f,
  0x80, 0x80, 0x80, 0x80, 0x80, 0x80, 0x80, 0x81, 0x81, 0x80, 0x80, 0x7f,
  0x7f, 0x80, 0x80, 0x80, 0x80, 0x80, 0x80, 0x80, 0x80, 0x80, 0x80, 0x80,
  0x80, 0x80, 0x7f, 0x7f, 0x80, 0x80, 0x80, 0x80, 0x80, 0x80, 0x80, 0x80,
  0x81, 0x81, 0x80, 0x80, 0x7f, 0x7f, 0x7f, 0x80, 0x80, 0x80, 0x80, 0x80,
  0x80, 0x80, 0x80, 0x80, 0x80, 0x80, 0x80, 0x7f, 0x80, 0x80, 0x80, 0x80,
  0x80, 0x80, 0x80, 0x80, 0x80, 0x80, 0x80, 0x80, 0x7f, 0x7f, 0x7f, 0x80,
  0x80, 0x80, 0x80, 0x80, 0x80, 0x80, 0x80, 0x80, 0x80, 0x80, 0x80, 0x7f,
  0x7f, 0x80, 0x80, 0x80, 0x81, 0x80, 0x80, 0x80, 0x80, 0x80, 0x80, 0x80,
  0x80, 0x7f, 0x7f, 0x7f, 0x7f, 0x80, 0x80, 0x80, 0x80, 0x80, 0x80, 0x80,
  0x81, 0x81, 0x81, 0x80, 0x80, 0x80, 0x80, 0x80, 0x80, 0x80, 0x80, 0x80,
  0x7f, 0x7f, 0x80, 0x80, 0x81, 0x81, 0x80, 0x7f, 0x7f, 0x80, 0x80, 0x80,
  0x80, 0x80, 0x80, 0x80, 0x80, 0x80, 0x81, 0x81, 0x81, 0x80, 0x7f, 0x7f,
  0x80, 0x80, 0x80, 0x80, 0x80, 0x80, 0x80, 0x80, 0x81, 0x81, 0x81, 0x80,
  0x80, 0x7f, 0x7f, 0x80, 0x80, 0x80, 0x80, 0x80, 0x80, 0x80, 0x80, 0x81,
  0x81, 0x81, 0x80, 0x80, 0x7f, 0x7f, 0x80, 0x80, 0x80, 0x80, 0x80, 0x80,
  0x80, 0x80, 0x81, 0x81, 0x81, 0x81, 0x80, 0x80, 0x80, 0x80, 0x80, 0x80,
  0x80, 0x7f, 0x7f, 0x7f, 0x80, 0x80, 0x80, 0x81, 0x81, 0x81, 0x80, 0x80,
  0x80, 0x80, 0x80, 0x80, 0x80, 0x80, 0x80, 0x80, 0x80, 0x80, 0x80, 0x80,
  0x80, 0x80, 0x80, 0x80, 0x80, 0x80, 0x80, 0x80, 0x80, 0x80, 0x80, 0x80,
  0x80, 0x80, 0x80, 0x80, 0x80, 0x80, 0x80, 0x80, 0x80, 0x80, 0x80, 0x80,
  0x80, 0x80, 0x80, 0x80, 0x80, 0x80, 0x80, 0x80, 0x80, 0x80, 0x80, 0x80,
  0x80, 0x80, 0x80, 0x80, 0x80, 0x80, 0x80, 0x80, 0x80, 0x80, 0x80, 0x80,
  0x80, 0x80, 0x80, 0x80, 0x80, 0x80, 0x80, 0x80, 0x80, 0x80, 0x80, 0x80,
  0x80, 0x80, 0x80, 0x80, 0x80, 0x80, 0x80, 0x80, 0x80, 0x80, 0x80, 0x80,
  0x80, 0x80, 0x80, 0x80, 0x80, 0x80, 0x80, 0x80, 0x80, 0x80, 0x80, 0x80,
  0x80, 0x80, 0x80, 0x80, 0x80, 0x80, 0x81, 0x80, 0x80, 0x80, 0x80, 0x80,
  0x80, 0x80, 0x80, 0x7f, 0x80, 0x80, 0x80, 0x80, 0x80, 0x80, 0x81, 0x80,
  0x80, 0x80, 0x80, 0x80, 0x80, 0x80, 0x80, 0x80, 0x80, 0x80, 0x80, 0x80,
  0x80, 0x80, 0x80, 0x80, 0x80, 0x80, 0x80, 0x80, 0x80, 0x80, 0x80, 0x80,
  0x80, 0x80, 0x80, 0x80, 0x80, 0x80, 0x80, 0x80, 0x80, 0x80, 0x80, 0x80,
  0x80, 0x80, 0x80, 0x80, 0x80, 0x80, 0x80, 0x80, 0x80, 0x80, 0x80, 0x80,
  0x81, 0x80, 0x80, 0x80, 0x7f, 0x7f, 0x7f, 0x80, 0x80, 0x80, 0x80, 0x80,
  0x80, 0x80, 0x81, 0x80, 0x80, 0x80, 0x80, 0x80, 0x80, 0x7f, 0x80, 0x7f,
  0x80, 0x80, 0x80, 0x80, 0x80, 0x80, 0x80, 0x81, 0x81, 0x81, 0x81, 0x80,
  0x80, 0x80, 0x80, 0x80, 0x7f, 0x7f, 0x7f, 0x7f, 0x80, 0x80, 0x80, 0x80,
  0x81, 0x81, 0x81, 0x81, 0x80, 0x80, 0x80, 0x80, 0x7f, 0x7f, 0x7f, 0x7f,
  0x7f, 0x7f, 0x80, 0x80, 0x80, 0x81, 0x81, 0x81, 0x81, 0x80, 0x80, 0x80,
  0x80, 0x80, 0x80, 0x80, 0x80, 0x80, 0x80, 0x80, 0x80, 0x80, 0x80, 0x80,
  0x80, 0x80, 0x80, 0x80, 0x80, 0x80, 0x80, 0x80, 0x80, 0x80, 0x80, 0x80,
  0x80, 0x80, 0x80, 0x80, 0x80, 0x80, 0x80, 0x80, 0x80, 0x80, 0x80, 0x80,
  0x80, 0x80, 0x80, 0x80, 0x80, 0x80, 0x80, 0x80, 0x81, 0x81, 0x81, 0x81,
  0x80, 0x80, 0x80, 0x80, 0x80, 0x80, 0x80, 0x80, 0x80, 0x80, 0x80, 0x7f,
  0x7f, 0x80, 0x80, 0x80, 0x80, 0x80, 0x80, 0x80, 0x80, 0x80, 0x80, 0x80,
  0x80, 0x80, 0x80, 0x80, 0x80, 0x80, 0x80, 0x80, 0x80, 0x80, 0x80, 0x80,
  0x80, 0x80, 0x80, 0x80, 0x80, 0x80, 0x80, 0x80, 0x80, 0x80, 0x80, 0x80,
  0x80, 0x80, 0x80, 0x80, 0x80, 0x80, 0x80, 0x80, 0x80, 0x80, 0x80, 0x80,
  0x80, 0x80, 0x80, 0x80, 0x80, 0x80, 0x80, 0x80, 0x80, 0x80, 0x81, 0x81,
  0x81, 0x81, 0x80, 0x80, 0x80, 0x80, 0x80, 0x80, 0x80, 0x80, 0x80, 0x80,
  0x80, 0x80, 0x80, 0x80, 0x80, 0x80, 0x80, 0x80, 0x80, 0x80, 0x80, 0x80,
  0x80, 0x80, 0x80, 0x80, 0x80, 0x80, 0x80, 0x80, 0x80, 0x7f, 0x7f, 0x80,
  0x80, 0x80, 0x80, 0x80, 0x80, 0x80, 0x80, 0x80, 0x80, 0x80, 0x80, 0x80,
  0x80, 0x80, 0x80, 0x80, 0x80, 0x80, 0x80, 0x80, 0x80, 0x80, 0x80, 0x80,
  0x80, 0x80, 0x80, 0x80, 0x80, 0x80, 0x80, 0x80, 0x80, 0x80, 0x80, 0x80,
  0x80, 0x80, 0x80, 0x80, 0x80, 0x80, 0x80, 0x80, 0x80, 0x80, 0x80, 0x80,
  0x80, 0x80, 0x80, 0x80, 0x80, 0x81, 0x80, 0x80, 0x80, 0x80, 0x80, 0x80,
  0x80, 0x80, 0x80, 0x80, 0x80, 0x80, 0x80, 0x7f, 0x7f, 0x7f, 0x80, 0x80,
  0x80, 0x80, 0x80, 0x80, 0x80, 0x80, 0x80, 0x80, 0x80, 0x80, 0x80, 0x80,
  0x80, 0x80, 0x80, 0x80, 0x80, 0x80, 0x80, 0x80, 0x80, 0x80, 0x80, 0x80,
  0x80, 0x80, 0x80, 0x80, 0x80, 0x80, 0x80, 0x80, 0x80, 0x80, 0x80, 0x80,
  0x80, 0x80, 0x80, 0x80, 0x80, 0x80, 0x80, 0x80, 0x80, 0x80, 0x80, 0x80,
  0x80, 0x80, 0x80, 0x80, 0x80, 0x80, 0x80, 0x80, 0x80, 0x80, 0x80, 0x80,
  0x80, 0x80, 0x7f, 0x7f, 0x80, 0x80, 0x80, 0x81, 0x80, 0x80, 0x80, 0x80,
  0x80, 0x80, 0x80, 0x80, 0x80, 0x80, 0x80, 0x80, 0x80, 0x80, 0x80, 0x80,
  0x80, 0x80, 0x80, 0x80, 0x80, 0x7f, 0x80, 0x80, 0x80, 0x80, 0x80, 0x80,
  0x80, 0x80, 0x80, 0x80, 0x80, 0x80, 0x80, 0x80, 0x80, 0x80, 0x80, 0x80,
  0x80, 0x80, 0x80, 0x80, 0x80, 0x80, 0x80, 0x80, 0x80, 0x80, 0x80, 0x80,
  0x80, 0x80, 0x80, 0x80, 0x80, 0x80, 0x81, 0x80, 0x80, 0x80, 0x80, 0x80,
  0x80, 0x80, 0x80, 0x80, 0x80, 0x7f, 0x7f, 0x7f, 0x7f, 0x80, 0x80, 0x80,
  0x80, 0x80, 0x80, 0x80, 0x80, 0x80, 0x80, 0x80, 0x80, 0x80, 0x80, 0x80,
  0x80, 0x80, 0x80, 0x80, 0x80, 0x80, 0x80, 0x80, 0x80, 0x80, 0x80, 0x80,
  0x80, 0x80, 0x80, 0x80, 0x80, 0x7f, 0x7f, 0x7f, 0x80, 0x80, 0x80, 0x80,
  0x80, 0x80, 0x80, 0x80, 0x80, 0x81, 0x80, 0x80, 0x80, 0x80, 0x80, 0x80,
  0x80, 0x80, 0x80, 0x80, 0x80, 0x80, 0x80, 0x80, 0x80, 0x80, 0x80, 0x80,
  0x80, 0x80, 0x80, 0x80, 0x80, 0x80, 0x80, 0x80, 0x80, 0x80, 0x80, 0x80,
  0x80, 0x80, 0x80, 0x80, 0x80, 0x80, 0x80, 0x80, 0x80, 0x80, 0x80, 0x80,
  0x80, 0x80, 0x80, 0x80, 0x80, 0x80, 0x80, 0x80, 0x80, 0x80, 0x80, 0x80,
  0x80, 0x80, 0x80, 0x80, 0x80, 0x80, 0x80, 0x80, 0x80, 0x80, 0x80, 0x80,
  0x80, 0x80, 0x80, 0x80, 0x80, 0x80, 0x80, 0x80, 0x80, 0x80, 0x80, 0x80,
  0x80, 0x80, 0x80, 0x80, 0x80, 0x81, 0x80, 0x80, 0x80, 0x80, 0x80, 0x80,
  0x80, 0x80, 0x80, 0x80, 0x80, 0x80, 0x80, 0x80, 0x80, 0x80, 0x80, 0x80,
  0x80, 0x80, 0x80, 0x80, 0x80, 0x80, 0x80, 0x80, 0x80, 0x80, 0x80, 0x80,
  0x80, 0x80, 0x80, 0x80, 0x80, 0x80, 0x80, 0x80, 0x80, 0x80, 0x80, 0x80,
  0x80, 0x80, 0x80, 0x80, 0x80, 0x80, 0x80, 0x80, 0x80, 0x80, 0x80, 0x80,
  0x80, 0x80, 0x80, 0x80, 0x80, 0x80, 0x80, 0x80, 0x80, 0x80, 0x80, 0x80,
  0x80, 0x80, 0x80, 0x80, 0x80, 0x80, 0x80, 0x80, 0x80, 0x80, 0x80, 0x80,
  0x80, 0x80, 0x80, 0x80, 0x7f, 0x80, 0x80, 0x80, 0x80, 0x80, 0x80, 0x80,
  0x80, 0x80, 0x80, 0x80, 0x80, 0x80, 0x7f, 0x7f, 0x80, 0x80, 0x80, 0x80,
  0x80, 0x80, 0x80, 0x80, 0x80, 0x80, 0x80, 0x80, 0x80, 0x7f, 0x80, 0x80,
  0x80, 0x81, 0x81, 0x81, 0x80, 0x80, 0x80, 0x80, 0x80, 0x7f, 0x7f, 0x80,
  0x80, 0x81, 0x81, 0x81, 0x81, 0x80, 0x80, 0x7f, 0x7f, 0x7f, 0x7f, 0x80,
  0x80, 0x81, 0x81, 0x81, 0x80, 0x80, 0x7f, 0x7f, 0x7f, 0x7f, 0x80, 0x81,
  0x81, 0x81, 0x81, 0x80, 0x80, 0x80, 0x80, 0x80, 0x80, 0x80, 0x80, 0x80,
  0x80, 0x80, 0x80, 0x80, 0x80, 0x80, 0x80, 0x80, 0x80, 0x80, 0x80, 0x80,
  0x80, 0x7f, 0x80, 0x80, 0x80, 0x80, 0x80, 0x80, 0x80, 0x80, 0x80, 0x80,
  0x80, 0x80, 0x80, 0x80, 0x80, 0x80, 0x80, 0x80, 0x80, 0x80, 0x80, 0x80,
  0x80, 0x80, 0x80, 0x81, 0x80, 0x80, 0x80, 0x80, 0x80, 0x80, 0x80, 0x80,
  0x80, 0x80, 0x80, 0x80, 0x80, 0x80, 0x80, 0x80, 0x80, 0x7f, 0x80, 0x80,
  0x80, 0x80, 0x80, 0x80, 0x80, 0x80, 0x80, 0x80, 0x80, 0x80, 0x80, 0x7f,
  0x80, 0x80, 0x80, 0x80, 0x80, 0x80, 0x80, 0x80, 0x80, 0x80, 0x80, 0x80,
  0x80, 0x80, 0x80, 0x80, 0x81, 0x80, 0x80, 0x80, 0x7f, 0x80, 0x80, 0x80,
  0x80, 0x80, 0x80, 0x80, 0x81, 0x80, 0x80, 0x7f, 0x7f, 0x80, 0x80, 0x80,
  0x80, 0x80, 0x80, 0x80, 0x80, 0x80, 0x80, 0x80, 0x80, 0x81, 0x80, 0x80,
  0x80, 0x80, 0x80, 0x80, 0x80, 0x80, 0x80, 0x80, 0x7f, 0x80, 0x80, 0x80,
  0x80, 0x80, 0x80, 0x80, 0x80, 0x80, 0x80, 0x80, 0x80, 0x80, 0x81, 0x80,
  0x80, 0x80, 0x7f, 0x80, 0x80, 0x80, 0x80, 0x80, 0x80, 0x80, 0x80, 0x80,
  0x7f, 0x7f, 0x80, 0x80, 0x80, 0x80, 0x80, 0x81, 0x80, 0x80, 0x80, 0x80,
  0x80, 0x80, 0x80, 0x80, 0x80, 0x80, 0x80, 0x80, 0x80, 0x80, 0x80, 0x80,
  0x81, 0x80, 0x80, 0x80, 0x7f, 0x80, 0x80, 0x80, 0x80, 0x80, 0x80, 0x80,
  0x80, 0x80, 0x80, 0x80, 0x80, 0x80, 0x80, 0x7f, 0x80, 0x80, 0x80, 0x80,
  0x81, 0x80, 0x80, 0x80, 0x7f, 0x7f, 0x80, 0x80, 0x80, 0x80, 0x80, 0x80,
  0x80, 0x80, 0x80, 0x80, 0x80, 0x80, 0x80, 0x80, 0x80, 0x80, 0x80, 0x80,
  0x80, 0x80, 0x80, 0x80, 0x80, 0x80, 0x80, 0x80, 0x80, 0x80, 0x81, 0x80,
  0x80, 0x80, 0x7f, 0x80, 0x80, 0x80, 0x80, 0x80, 0x80, 0x80, 0x80, 0x80,
  0x80, 0x7f, 0x80, 0x80, 0x81, 0x80, 0x80, 0x80, 0x80, 0x80, 0x80, 0x80,
  0x80, 0x80, 0x80, 0x80, 0x80, 0x80, 0x80, 0x80, 0x80, 0x80, 0x80, 0x80,
  0x80, 0x80, 0x80, 0x80, 0x80, 0x80, 0x80, 0x80, 0x80, 0x80, 0x80, 0x80,
  0x80, 0x80, 0x80, 0x80, 0x80, 0x80, 0x80, 0x80, 0x80, 0x80, 0x80, 0x80,
  0x80, 0x80, 0x80, 0x80, 0x80, 0x80, 0x7f, 0x80, 0x80, 0x80, 0x80, 0x81,
  0x80, 0x80, 0x80, 0x80, 0x80, 0x80, 0x80, 0x80, 0x80, 0x80, 0x7f, 0x80,
  0x80, 0x80, 0x80, 0x80, 0x80, 0x80, 0x80, 0x80, 0x80, 0x80, 0x81, 0x80,
  0x80, 0x80, 0x80, 0x80, 0x80, 0x80, 0x80, 0x80, 0x80, 0x80, 0x80, 0x81,
  0x80, 0x80, 0x80, 0x80, 0x7f, 0x7f, 0x7f, 0x80, 0x80, 0x80, 0x80, 0x80,
  0x80, 0x80, 0x80, 0x80, 0x80, 0x80, 0x80, 0x80, 0x7f, 0x80, 0x80, 0x80,
  0x80, 0x80, 0x80, 0x80, 0x7f, 0x80, 0x80, 0x81, 0x81, 0x80, 0x80, 0x80,
  0x7f, 0x80, 0x80, 0x80, 0x80, 0x80, 0x80, 0x80, 0x80, 0x80, 0x81, 0x81,
  0x80, 0x80, 0x80, 0x7f, 0x7f, 0x7f, 0x80, 0x80, 0x80, 0x80, 0x80, 0x80,
  0x80, 0x81, 0x81, 0x81, 0x80, 0x80, 0x80, 0x80, 0x80, 0x80, 0x80, 0x80,
  0x80, 0x80, 0x80, 0x80, 0x80, 0x80, 0x80, 0x80, 0x80, 0x80, 0x80, 0x80,
  0x80, 0x80, 0x80, 0x80, 0x80, 0x80, 0x80, 0x80, 0x81, 0x80, 0x80, 0x80,
  0x80, 0x80, 0x80, 0x80, 0x80, 0x80, 0x80, 0x80, 0x80, 0x80, 0x80, 0x80,
  0x80, 0x80, 0x80, 0x80, 0x80, 0x80, 0x80, 0x80, 0x80, 0x80, 0x80, 0x80,
  0x80, 0x80, 0x80, 0x80, 0x80, 0x80, 0x80, 0x80, 0x80, 0x80, 0x80, 0x80,
  0x80, 0x80, 0x80, 0x80, 0x80, 0x80, 0x80, 0x80, 0x80, 0x80, 0x80, 0x80,
  0x80, 0x80, 0x80, 0x80, 0x7f, 0x7f, 0x80, 0x80, 0x80, 0x80, 0x80, 0x80,
  0x80, 0x80, 0x80, 0x80, 0x80, 0x80, 0x80, 0x7f, 0x80, 0x80, 0x80, 0x81,
  0x81, 0x81, 0x80, 0x80, 0x80, 0x80, 0x80, 0x80, 0x7f, 0x7f, 0x7f, 0x80,
  0x80, 0x80, 0x80, 0x80, 0x80, 0x80, 0x80, 0x80, 0x80, 0x80, 0x80, 0x80,
  0x80, 0x80, 0x80, 0x80, 0x80, 0x80, 0x80, 0x80, 0x80, 0x80, 0x80, 0x80,
  0x80, 0x80, 0x80, 0x80, 0x80, 0x80, 0x80, 0x80, 0x80, 0x80, 0x80, 0x80,
  0x80, 0x80, 0x80, 0x80, 0x80, 0x80, 0x80, 0x80, 0x80, 0x7f, 0x80, 0x80,
  0x80, 0x80, 0x80, 0x80, 0x80, 0x80, 0x80, 0x80, 0x80, 0x80, 0x7f, 0x7f,
  0x7f, 0x80, 0x80, 0x80, 0x80, 0x80, 0x81, 0x81, 0x81, 0x81, 0x80, 0x80,
  0x80, 0x80, 0x7f, 0x7f, 0x7f, 0x7f, 0x7f, 0x80, 0x80, 0x80, 0x81, 0x81,
  0x81, 0x81, 0x80, 0x80, 0x80, 0x80, 0x80, 0x80, 0x80, 0x80, 0x80, 0x80,
  0x80, 0x80, 0x80, 0x81, 0x81, 0x81, 0x80, 0x80, 0x80, 0x80, 0x80, 0x80,
  0x80, 0x80, 0x80, 0x80, 0x80, 0x80, 0x80, 0x80, 0x80, 0x80, 0x80, 0x80,
  0x80, 0x80, 0x80, 0x80, 0x80, 0x80, 0x80, 0x80, 0x80, 0x80, 0x80, 0x81,
  0x81, 0x81, 0x80, 0x80, 0x80, 0x80, 0x80, 0x80, 0x7f, 0x80, 0x80, 0x80,
  0x80, 0x80, 0x81, 0x81, 0x80, 0x80, 0x80, 0x80, 0x80, 0x80, 0x80, 0x80,
  0x80, 0x80, 0x80, 0x80, 0x80, 0x80, 0x80, 0x80, 0x80, 0x80, 0x80, 0x80,
  0x80, 0x80, 0x80, 0x80, 0x80, 0x80, 0x80, 0x80, 0x80, 0x81, 0x80, 0x80,
  0x80, 0x80, 0x80, 0x80, 0x80, 0x80, 0x80, 0x80, 0x80, 0x80, 0x80, 0x80,
  0x80, 0x80, 0x80, 0x80, 0x80, 0x80, 0x80, 0x80, 0x80, 0x80, 0x80, 0x80,
  0x80, 0x80, 0x80, 0x80, 0x80, 0x81, 0x81, 0x80, 0x80, 0x80, 0x80, 0x80,
  0x80, 0x80, 0x80, 0x80, 0x80, 0x80, 0x80, 0x81, 0x81, 0x81, 0x80, 0x80,
  0x80, 0x80, 0x80, 0x7f, 0x7f, 0x80, 0x80, 0x80, 0x80, 0x80, 0x81, 0x81,
  0x80, 0x80, 0x80, 0x80, 0x80, 0x80, 0x80, 0x80, 0x80, 0x80, 0x80, 0x80,
  0x80, 0x80, 0x80, 0x80, 0x80, 0x80, 0x80, 0x80, 0x80, 0x80, 0x80, 0x80,
  0x80, 0x80, 0x80, 0x80, 0x80, 0x80, 0x80, 0x80, 0x80, 0x80, 0x80, 0x80,
  0x80, 0x80, 0x80, 0x80, 0x80, 0x80, 0x80, 0x80, 0x80, 0x80, 0x80, 0x80,
  0x80, 0x80, 0x80, 0x80, 0x80, 0x80, 0x7f, 0x80, 0x80, 0x80, 0x80, 0x80,
  0x80, 0x80, 0x80, 0x80, 0x80, 0x80, 0x80, 0x80, 0x80, 0x80, 0x80, 0x80,
  0x80, 0x80, 0x80, 0x80, 0x80, 0x80, 0x80, 0x80, 0x80, 0x80, 0x80, 0x80,
  0x80, 0x80, 0x80, 0x80, 0x80, 0x80, 0x80, 0x80, 0x80, 0x80, 0x80, 0x80,
  0x80, 0x80, 0x80, 0x80, 0x80, 0x80, 0x80, 0x80, 0x80, 0x80, 0x80, 0x80,
  0x80, 0x80, 0x80, 0x80, 0x80, 0x80, 0x80, 0x80, 0x80, 0x80, 0x80, 0x80,
  0x80, 0x80, 0x80, 0x80, 0x80, 0x80, 0x80, 0x80, 0x80, 0x80, 0x80, 0x80,
  0x80, 0x80, 0x80, 0x80, 0x80, 0x80, 0x80, 0x80, 0x80, 0x80, 0x80, 0x80,
  0x80, 0x80, 0x80, 0x80, 0x80, 0x80, 0x80, 0x80, 0x80, 0x80, 0x80, 0x80,
  0x80, 0x80, 0x80, 0x80, 0x80, 0x80, 0x80, 0x80, 0x80, 0x80, 0x80, 0x80,
  0x80, 0x80, 0x80, 0x80, 0x80, 0x80, 0x80, 0x80, 0x80, 0x80, 0x80, 0x80,
  0x80, 0x80, 0x80, 0x80, 0x80, 0x80, 0x80, 0x80, 0x80, 0x80, 0x80, 0x80,
  0x80, 0x80, 0x80, 0x80, 0x80, 0x80, 0x80, 0x80, 0x80, 0x80, 0x80, 0x80,
  0x80, 0x80, 0x80, 0x80, 0x80, 0x80, 0x80, 0x80, 0x80, 0x80, 0x80, 0x80,
  0x80, 0x80, 0x80, 0x80, 0x80, 0x80, 0x80, 0x80, 0x80, 0x80, 0x80, 0x80,
  0x80, 0x80, 0x80, 0x80, 0x80, 0x80, 0x80, 0x80, 0x80, 0x80, 0x80, 0x80,
  0x80, 0x80, 0x80, 0x80, 0x80, 0x80, 0x80, 0x80, 0x80, 0x80, 0x80, 0x80,
  0x80, 0x80, 0x80, 0x80, 0x80, 0x80, 0x80, 0x80, 0x80, 0x80, 0x81, 0x80,
  0x80, 0x80, 0x80, 0x80, 0x80, 0x80, 0x80, 0x7f, 0x7f, 0x80, 0x80, 0x80,
  0x80, 0x80, 0x80, 0x80, 0x80, 0x80, 0x80, 0x80, 0x80, 0x80, 0x80, 0x80,
  0x80, 0x80, 0x80, 0x80, 0x80, 0x80, 0x80, 0x80, 0x80, 0x80, 0x80, 0x80,
  0x80, 0x80, 0x80, 0x80, 0x80, 0x80, 0x80, 0x80, 0x80, 0x80, 0x80, 0x80,
  0x80, 0x80, 0x80, 0x80, 0x80, 0x80, 0x80, 0x80, 0x80, 0x80, 0x80, 0x80,
  0x80, 0x80, 0x80, 0x80, 0x80, 0x80, 0x80, 0x80, 0x80, 0x80, 0x80, 0x80,
  0x80, 0x80, 0x80, 0x80, 0x80, 0x80, 0x80, 0x80, 0x80, 0x80, 0x80, 0x80,
  0x80, 0x80, 0x80, 0x80, 0x80, 0x80, 0x80, 0x80, 0x80, 0x80, 0x80, 0x80,
  0x80, 0x80, 0x80, 0x80, 0x80, 0x80, 0x7f, 0x80, 0x80, 0x80, 0x80, 0x80,
  0x80, 0x80, 0x80, 0x80, 0x80, 0x80, 0x80, 0x80, 0x80, 0x7f, 0x80, 0x80,
  0x80, 0x80, 0x80, 0x80, 0x80, 0x80, 0x80, 0x80, 0x80, 0x80, 0x80, 0x80,
  0x80, 0x80, 0x80, 0x80, 0x80, 0x80, 0x80, 0x80, 0x80, 0x80, 0x80, 0x80,
  0x80, 0x80, 0x80, 0x80, 0x7f, 0x80, 0x80, 0x80, 0x80, 0x81, 0x80, 0x80,
  0x80, 0x80, 0x80, 0x80, 0x80, 0x80, 0x80, 0x7f, 0x7f, 0x80, 0x80, 0x80,
  0x80, 0x80, 0x80, 0x80, 0x80, 0x80, 0x80, 0x80, 0x80, 0x80, 0x80, 0x80,
  0x80, 0x80, 0x80, 0x80, 0x80, 0x80, 0x80, 0x80, 0x80, 0x80, 0x80, 0x80,
  0x80, 0x80, 0x80, 0x80, 0x80, 0x80, 0x80, 0x80, 0x80, 0x80, 0x80, 0x80,
  0x80, 0x80, 0x80, 0x80, 0x80, 0x80, 0x80, 0x80, 0x80, 0x81, 0x81, 0x81,
  0x80, 0x80, 0x80, 0x80, 0x80, 0x80, 0x80, 0x80, 0x80, 0x7f, 0x80, 0x80,
  0x81, 0x81, 0x81, 0x80, 0x80, 0x80, 0x80, 0x80, 0x80, 0x80, 0x80, 0x80,
  0x80, 0x80, 0x80, 0x80, 0x80, 0x80, 0x80, 0x80, 0x80, 0x80, 0x80, 0x80,
  0x80, 0x80, 0x80, 0x80, 0x7f, 0x80, 0x80, 0x80, 0x80, 0x80, 0x80, 0x80,
  0x80, 0x80, 0x80, 0x80, 0x80, 0x80, 0x7f, 0x80, 0x80, 0x80, 0x80, 0x80,
  0x80, 0x80, 0x80, 0x80, 0x80, 0x80, 0x81, 0x80, 0x80, 0x80, 0x80, 0x80,
  0x80, 0x80, 0x80, 0x81, 0x80, 0x7f, 0x80, 0x80, 0x80, 0x80, 0x81, 0x80,
  0x80, 0x7f, 0x7f, 0x7f, 0x80, 0x81, 0x81, 0x81, 0x80, 0x80, 0x7f, 0x7f,
  0x80, 0x80, 0x80, 0x80, 0x80, 0x80, 0x80, 0x80, 0x80, 0x80, 0x81, 0x80,
  0x80, 0x80, 0x80, 0x80, 0x80, 0x80, 0x80, 0x80, 0x80, 0x80, 0x80, 0x80,
  0x7f, 0x7f, 0x80, 0x80, 0x80, 0x80, 0x80, 0x80, 0x80, 0x80, 0x80, 0x80,
  0x80, 0x80, 0x80, 0x80, 0x80, 0x80, 0x80, 0x80, 0x80, 0x80, 0x80, 0x80,
  0x80, 0x80, 0x80, 0x80, 0x80, 0x80, 0x80, 0x80, 0x80, 0x80, 0x80, 0x7f,
  0x80, 0x80, 0x80, 0x80, 0x80, 0x80, 0x80, 0x80, 0x80, 0x80, 0x80, 0x80,
  0x80, 0x80, 0x80, 0x80, 0x80, 0x80, 0x81, 0x80, 0x80, 0x80, 0x7f, 0x80,
  0x80, 0x80, 0x80, 0x81, 0x80, 0x80, 0x80, 0x80, 0x80, 0x80, 0x80, 0x80,
  0x80, 0x80, 0x7f, 0x80, 0x80, 0x80, 0x80, 0x80, 0x80, 0x80, 0x80, 0x80,
  0x80, 0x80, 0x80, 0x80, 0x80, 0x80, 0x80, 0x80, 0x80, 0x80, 0x80, 0x80,
  0x80, 0x80, 0x80, 0x81, 0x80, 0x80, 0x80, 0x80, 0x7f, 0x80, 0x80, 0x80,
  0x80, 0x80, 0x80, 0x80, 0x80, 0x80, 0x80, 0x80, 0x80, 0x80, 0x7f, 0x7f,
  0x7f, 0x7f, 0x80, 0x80, 0x80, 0x80, 0x80, 0x80, 0x80, 0x81, 0x81, 0x80,
  0x80, 0x7f, 0x80, 0x7f, 0x80, 0x80, 0x80, 0x80, 0x80, 0x80, 0x80, 0x80,
  0x80, 0x80, 0x80, 0x80, 0x7f, 0x7f, 0x7f, 0x80, 0x80, 0x80, 0x80, 0x80,
  0x80, 0x80, 0x80, 0x81, 0x81, 0x80, 0x80, 0x80, 0x80, 0x7f, 0x80, 0x80,
  0x7f, 0x80, 0x80, 0x80, 0x80, 0x81, 0x81, 0x81, 0x81, 0x80, 0x80, 0x80,
  0x7f, 0x7f, 0x7f, 0x80, 0x80, 0x80, 0x80, 0x80, 0x80, 0x80, 0x80, 0x80,
  0x80, 0x80, 0x80, 0x7f, 0x80, 0x80, 0x80, 0x80, 0x80, 0x80, 0x80, 0x80,
  0x80, 0x80, 0x80, 0x80, 0x80, 0x80, 0x80, 0x80, 0x80, 0x80, 0x7f, 0x80,
  0x80, 0x80, 0x80, 0x80, 0x80, 0x80, 0x80, 0x80, 0x80, 0x80, 0x80, 0x80,
  0x80, 0x80, 0x80, 0x80, 0x80, 0x80, 0x80, 0x80, 0x80, 0x80, 0x80, 0x80,
  0x80, 0x80, 0x80, 0x80, 0x80, 0x80, 0x80, 0x80, 0x80, 0x80, 0x80, 0x80,
  0x80, 0x80, 0x80, 0x80, 0x80, 0x80, 0x80, 0x80, 0x80, 0x80, 0x80, 0x80,
  0x80, 0x80, 0x80, 0x81, 0x80, 0x81, 0x80, 0x80, 0x80, 0x80, 0x80, 0x80,
  0x80, 0x80, 0x80, 0x80, 0x80, 0x80, 0x80, 0x81, 0x80, 0x80, 0x80, 0x80,
  0x80, 0x80, 0x80, 0x80, 0x80, 0x80, 0x80, 0x80, 0x80, 0x80, 0x80, 0x80,
  0x80, 0x80, 0x80, 0x80, 0x80, 0x80, 0x80, 0x80, 0x80, 0x80, 0x80, 0x80,
  0x80, 0x80, 0x80, 0x80, 0x80, 0x80, 0x80, 0x80, 0x80, 0x80, 0x80, 0x80,
  0x80, 0x80, 0x80, 0x80, 0x80, 0x80, 0x80, 0x80, 0x80, 0x80, 0x80, 0x80,
  0x80, 0x80, 0x80, 0x7f, 0x80, 0x80, 0x80, 0x80, 0x80, 0x80, 0x80, 0x80,
  0x80, 0x80, 0x80, 0x80, 0x80, 0x80, 0x80, 0x80, 0x80, 0x80, 0x80, 0x80,
  0x80, 0x80, 0x80, 0x80, 0x80, 0x80, 0x80, 0x80, 0x80, 0x80, 0x80, 0x80,
  0x80, 0x80, 0x80, 0x81, 0x81, 0x80, 0x80, 0x80, 0x80, 0x80, 0x80, 0x80,
  0x80, 0x80, 0x7f, 0x80, 0x80, 0x80, 0x80, 0x80, 0x80, 0x80, 0x80, 0x80,
  0x80, 0x80, 0x80, 0x80, 0x80, 0x80, 0x80, 0x80, 0x80, 0x80, 0x80, 0x80,
  0x80, 0x80, 0x80, 0x80, 0x80, 0x80, 0x80, 0x80, 0x80, 0x80, 0x80, 0x80,
  0x80, 0x80, 0x80, 0x80, 0x80, 0x80, 0x80, 0x80, 0x80, 0x80, 0x80, 0x80,
  0x80, 0x80, 0x80, 0x80, 0x80, 0x80, 0x80, 0x80, 0x80, 0x80, 0x80, 0x80,
  0x80, 0x80, 0x80, 0x80, 0x80, 0x80, 0x80, 0x80, 0x80, 0x80, 0x80, 0x80,
  0x80, 0x80, 0x80, 0x80, 0x80, 0x80, 0x80, 0x80, 0x80, 0x80, 0x80, 0x80,
  0x80, 0x80, 0x80, 0x80, 0x80, 0x80, 0x80, 0x80, 0x80, 0x80, 0x80, 0x80,
  0x80, 0x80, 0x80, 0x80, 0x80, 0x80, 0x80, 0x80, 0x80, 0x80, 0x80, 0x80,
  0x80, 0x80, 0x80, 0x80, 0x80, 0x80, 0x80, 0x80, 0x80, 0x80, 0x80, 0x80,
  0x80, 0x80, 0x80, 0x80, 0x80, 0x80, 0x80, 0x80, 0x80, 0x80, 0x80, 0x80,
  0x80, 0x80, 0x80, 0x80, 0x80, 0x80, 0x80, 0x80, 0x80, 0x80, 0x80, 0x80,
  0x80, 0x80, 0x80, 0x80, 0x80, 0x80, 0x80, 0x80, 0x80, 0x80, 0x80, 0x80,
  0x80, 0x80, 0x80, 0x80, 0x80, 0x80, 0x80, 0x80, 0x80, 0x80, 0x80, 0x80,
  0x80, 0x80, 0x80, 0x80, 0x80, 0x80, 0x80, 0x80, 0x80, 0x80, 0x80, 0x80,
  0x80, 0x80, 0x80, 0x80, 0x80, 0x80, 0x80, 0x80, 0x80, 0x80, 0x80, 0x80,
  0x80, 0x80, 0x80, 0x80, 0x80, 0x80, 0x80, 0x80, 0x80, 0x80, 0x80, 0x80,
  0x80, 0x80, 0x80, 0x80, 0x80, 0x80, 0x80, 0x80, 0x80, 0x80, 0x80, 0x80,
  0x80, 0x80, 0x80, 0x80, 0x80, 0x80, 0x80, 0x80, 0x80, 0x80, 0x80, 0x80,
  0x80, 0x80, 0x80, 0x80, 0x80, 0x80, 0x80, 0x80, 0x80, 0x80, 0x80, 0x80,
  0x80, 0x80, 0x80, 0x80, 0x80, 0x80, 0x80, 0x80, 0x80, 0x80, 0x80, 0x80,
  0x80, 0x80, 0x80, 0x80, 0x80, 0x80, 0x80, 0x80, 0x80, 0x80, 0x80, 0x80,
  0x80, 0x80, 0x80, 0x80, 0x80, 0x80, 0x80, 0x80, 0x80, 0x80, 0x80, 0x80,
  0x80, 0x80, 0x80, 0x80, 0x80, 0x80, 0x80, 0x80, 0x80, 0x80, 0x80, 0x80,
  0x80, 0x80, 0x80, 0x80, 0x80, 0x80, 0x80, 0x80, 0x80, 0x80, 0x80, 0x80,
  0x80, 0x80, 0x80, 0x80, 0x80, 0x80, 0x80, 0x80, 0x80, 0x80, 0x80, 0x80,
  0x80, 0x80, 0x80, 0x80, 0x80, 0x80, 0x80, 0x80, 0x80, 0x80, 0x80, 0x80,
  0x80, 0x80, 0x80, 0x80, 0x80, 0x80, 0x80, 0x80, 0x80, 0x80, 0x80, 0x80,
  0x80, 0x80, 0x80, 0x80, 0x80, 0x80, 0x80, 0x80, 0x80, 0x80, 0x80, 0x80,
  0x80, 0x80, 0x80, 0x80, 0x80, 0x80, 0x80, 0x80, 0x80, 0x80, 0x80, 0x80,
  0x80, 0x80, 0x80, 0x80, 0x80, 0x80, 0x80, 0x80, 0x80, 0x80, 0x80, 0x80,
  0x80, 0x80, 0x80, 0x80, 0x80, 0x80, 0x80, 0x80, 0x80, 0x80, 0x80, 0x80,
  0x80, 0x80, 0x80, 0x80, 0x80, 0x80, 0x80, 0x80, 0x80, 0x80, 0x80, 0x80,
  0x80, 0x80, 0x80, 0x80, 0x80, 0x80, 0x80, 0x80, 0x80, 0x80, 0x80, 0x80,
  0x80, 0x80, 0x80, 0x80, 0x80, 0x80, 0x80, 0x80, 0x80, 0x80, 0x80, 0x80,
  0x80, 0x80, 0x80, 0x80, 0x80, 0x80, 0x80, 0x80, 0x80, 0x80, 0x80, 0x80,
  0x80, 0x80, 0x80, 0x80, 0x80, 0x80, 0x80, 0x80, 0x80, 0x80, 0x80, 0x80,
  0x80, 0x80, 0x80, 0x80, 0x80, 0x80, 0x80, 0x00
};
inline unsigned int __goal_wav_len = 21512;
